date,line,cfr_avg_uh,cfr_p10_uh,cfr_p90_uh,n_batches,run_hours_sum
2024-04-15,G2,450.88211760533596,219.71246839874124,669.9025707431917,3,6.423261996742158
2024-04-15,P3,161.51122675389507,158.5192735805671,164.50317992722307,2,0.9862305397602067
2024-04-15,Q1,1302.200237102922,175.68704439790085,2507.599730286467,4,10.482466830133344
2024-04-16,G2,452.4306171406584,415.92543476322186,488.93579951809494,2,2.351834045779895
2024-04-16,P3,969.9354504921251,560.8233512307851,1444.4267609290814,3,3.692791508175514
2024-04-16,Q1,332.54369245961516,179.8254714394526,652.1861566008449,7,14.251242393695875
2024-04-17,G2,1107.6203367555224,264.3309091583668,2142.1236720668426,3,4.680730158165893
2024-04-17,P3,342.0435716055113,162.63208960628666,625.3357428857464,5,8.005345038540092
2024-04-17,Q1,863.3635203192207,176.46004931414603,1812.2588689792374,3,3.9899473002200203
2024-04-18,G2,512.6011706970418,155.66552391069487,1145.3265122066655,4,8.495845576674906
2024-04-18,P3,1222.0580473066927,452.9570753510952,1977.5999318855759,6,11.086551782666906
2024-04-18,Q1,1734.9934528407402,541.6537800286826,2626.172453584687,9,14.52377093421882
2024-04-19,G2,742.8318943699168,465.15238617525944,1098.199446554961,6,4.685976180937546
2024-04-19,P3,726.3472608094277,165.54995792529647,1528.4589187740178,5,7.220235256350309
2024-04-19,Q1,1113.1126155804486,344.2223480435105,2236.145231070877,6,11.730426077340098
2024-04-20,G2,1225.7628243702122,164.85991740177045,1893.8246957440156,7,7.209978834038676
2024-04-20,P3,1131.8945498316605,190.82289799269614,2153.691300846203,6,6.799689835700126
2024-04-20,Q1,353.0975142947917,210.4890271060391,495.7060014835444,2,5.651737960286401
2024-04-21,G2,724.7473407065576,180.92617667894157,1398.0670443090967,6,10.634480281238663
2024-04-21,P3,783.3222967807985,155.4500629783258,1779.9504729911478,4,5.4423030934276575
2024-04-21,Q1,949.5653241416055,181.01284674051342,2005.2351766267973,7,14.162762195019107
2024-04-22,G2,1169.1133838500343,346.236121968881,1801.6344529257929,5,10.764782264840829
2024-04-22,P3,295.09136015595965,166.4612999244727,465.13651181982914,3,8.401622250259845
2024-04-22,Q1,1098.8399773006363,169.0341646933137,2518.617764167293,5,10.453307756908217
2024-04-23,G2,163.9014560418688,155.40735331692989,172.39555876680774,2,3.6898215895292403
2024-04-23,P3,534.072140756059,166.48650860565837,1240.7513341499566,5,12.694902330054699
2024-04-23,Q1,1003.8123490305081,341.6353003490049,1863.0755308211014,4,3.971325711337184
2024-04-24,G2,792.6596975059082,156.8094748838853,1891.7982087149142,7,7.590417919899925
2024-04-24,P3,739.3028410814878,330.16322275428024,1237.5946750563849,5,13.297889789936395
2024-04-24,Q1,506.53360947313587,266.6754864530199,735.3701510032181,3,6.317524259832009
2024-04-25,G2,1034.097606187963,757.0144524412075,1417.6307346937415,3,9.248261621411594
2024-04-25,P3,570.3138496375224,319.12015669561447,764.4103645051028,4,7.434314690573004
2024-04-25,Q1,740.7393483374206,169.25601028720953,1486.4856977937552,4,5.70861938908724
2024-04-26,G2,689.4162553590364,174.63457367553738,1288.0612041068387,7,17.657296026071332
2024-04-26,P3,471.43579973201673,252.13611917099604,689.7443283384139,3,4.033172250349526
2024-04-26,Q1,859.1366840929842,332.80963329824465,1474.0040040899069,4,7.916627907381593
2024-04-27,G2,517.7947706557369,157.93886265334166,1068.4157749832468,8,14.800104171662088
2024-04-27,Q1,399.04673454131216,233.15742294176385,526.8000711360929,3,3.9301053174231164
2024-04-28,G2,857.6234629030479,177.92169874101086,1549.4724348080642,6,9.770012785592565
2024-04-28,P3,1636.4356405938984,1051.784512997178,2089.338986046034,4,9.449429148563423
2024-04-28,Q1,1271.1856541471188,365.11293900962073,2244.670432482603,6,9.31451444787081
2024-04-29,G2,531.5881250207564,149.29012115060047,1203.9141562902466,4,6.778712205079673
2024-04-29,P3,509.5964796238354,502.4135534865355,516.7794057611353,2,3.500936391420986
2024-04-29,Q1,592.8549669614672,484.49921669420337,701.210717228731,2,6.701752150169442
2024-04-30,G2,672.8532542364079,174.26613600421967,1268.9639151616784,5,8.680925752879862
2024-04-30,P3,1127.6353747124317,175.21868507423375,2268.7711868782953,5,11.509336848372177
2024-04-30,Q1,1784.279277126938,1784.279277126938,1784.279277126938,1,2.8665444139485214
2024-05-01,G2,737.7284620358721,155.47956206682886,1663.5347377658259,5,6.667483138868376
2024-05-01,P3,928.8002735643361,174.21353653361652,1832.6788405302689,5,11.642986843999267
2024-05-01,Q1,336.4501710630389,206.61299715441947,591.2412119461636,5,10.353500157621333
2024-05-02,G2,924.5946461630149,160.58562993712627,2020.8592114724156,8,12.614660164714554
2024-05-02,P3,792.8972223553748,334.26986045408444,1434.856660480217,6,12.10674768365435
2024-05-02,Q1,1325.6561657700709,329.3171736119681,2240.5239410134186,4,7.877373299482938
2024-05-03,G2,1814.8111406646342,849.3567165942186,2391.02376370833,6,8.947087765902264
2024-05-03,P3,1104.8024221284059,175.17594355318622,2190.891179992671,4,9.761779493127387
2024-05-03,Q1,697.6065917368743,180.53593771123192,1602.837985466438,4,11.105193714901755
2024-05-04,G2,1294.9583337299537,265.62630343606935,2333.7576768604376,4,7.983512865596435
2024-05-04,P3,1404.235908520132,352.1404817787196,2453.432957585271,4,8.364535676044861
2024-05-04,Q1,1993.9457669511314,1789.3392568833274,2287.7263514775104,5,6.716140562601196
2024-05-05,G2,1162.0647144030013,160.73589168745372,2220.5706479478526,4,9.307317025956403
2024-05-05,P3,197.39787548870265,197.39787548870265,197.39787548870265,1,1.1390588141607874
2024-05-05,Q1,1636.8283589582231,410.8016792618712,2683.698411474487,7,15.21129880150593
2024-05-06,G2,1036.729285493387,326.02783419792485,2183.6752580415878,6,12.074450782413987
2024-05-06,P3,1112.8855943680899,179.60582743555,1904.3145693141244,8,11.733579547774973
2024-05-06,Q1,1409.197215773717,343.39149365180253,2132.281607660271,6,8.293593790567618
2024-05-07,G2,837.8263773626421,344.40912410297165,1409.937892465663,4,16.99874606991466
2024-05-07,P3,704.5416126286359,180.74099388398145,1310.7233352819944,8,12.37094049906214
2024-05-07,Q1,473.0001477535466,226.24886084383604,719.7514346632572,2,3.3090607897863666
2024-05-08,G2,706.1653161477983,153.51668467628608,1730.1625137068804,7,11.842485874122136
2024-05-08,P3,1353.1001503428909,185.0057770373033,2212.750808685417,7,7.438755420578547
2024-05-08,Q1,1177.4397819354963,158.04049279667726,1849.5291827394565,9,16.617903808393134
2024-05-09,G2,1428.3894098736207,178.22756305738625,2316.596480817898,8,17.467995117390995
2024-05-09,P3,1274.1909742771468,587.9530151870097,1704.9869839900282,4,11.790917597561293
2024-05-09,Q1,533.3851409237564,195.73262936274074,1071.3415932655353,8,11.437478087346927
2024-05-10,G2,687.7671156536688,147.01011198394508,1740.1970494226994,6,8.68017942869233
2024-05-10,P3,1127.1740896118695,188.76383370437617,2323.27949909036,5,13.576297454275455
2024-05-10,Q1,1263.839310941454,203.17703641133483,2595.360769490523,5,15.649339356155473
2024-05-11,G2,572.2837244894688,298.139184144557,770.6320896530639,5,10.005701889599147
2024-05-11,P3,487.1801584433272,172.25477832131037,797.9606424058845,6,9.311727740154165
2024-05-11,Q1,303.7515912663692,178.4614790249189,475.22312669948434,3,7.2711172067194445
2024-05-12,G2,847.5290597062951,264.01840658644346,1677.6998223273727,4,7.083626428243782
2024-05-12,P3,1488.1527360710106,905.9169484346377,2070.3885237073837,2,5.048615910413055
2024-05-12,Q1,1140.8789039573928,384.8983134303995,1982.4280646380519,7,10.603032712770771
2024-05-13,G2,739.4152190608668,697.8330779218626,780.997360199871,2,6.90717210046311
2024-05-13,P3,916.738822796133,269.1298797069488,1785.4848199545963,4,5.744893544387981
2024-05-13,Q1,1365.523512962093,376.0608695425534,2590.9885372359054,5,4.125742179750804
2024-05-14,G2,225.43905938369647,159.4990388211833,345.39492548535145,5,6.887723567400338
2024-05-14,P3,1034.4951380805803,299.3492175668631,1875.267722256483,3,4.370657297033413
2024-05-14,Q1,1871.7649618982439,1088.3442415441023,2438.9711966346645,3,4.683736148055345
2024-05-15,G2,159.05830951384578,159.05830951384578,159.05830951384578,1,2.736940718079263
2024-05-15,P3,162.0744707789252,162.0744707789252,162.0744707789252,1,2.3285729681272667
2024-05-15,Q1,642.4820326934384,579.6748485676702,705.2892168192067,2,2.192054397976076
2024-05-16,G2,669.4275156719167,260.5461935946688,1245.0038692674154,4,7.606708460626834
2024-05-16,P3,1225.39706044169,174.44574579061887,2448.9837989367516,7,12.488518322833672
2024-05-16,Q1,764.3824171351214,716.2545290727924,812.5103051974503,2,8.649023484163228
2024-05-17,G2,929.1847566825609,173.11826245550927,1869.6540545385783,6,17.748876946529005
2024-05-17,Q1,687.5387310461832,180.57917155863674,1872.341047545016,8,17.10570649612826
2024-05-18,G2,1173.477443675982,181.00615372728348,2216.1595408672542,6,8.368393336811009
2024-05-18,P3,1512.5529111353778,629.4974569277681,2113.2544965867187,4,6.910005117624396
2024-05-18,Q1,1524.7609998909654,432.4462323390126,2455.3906590854017,5,15.972773979697266
2024-05-19,G2,719.1342178947863,663.6683736547895,784.7647988142315,3,7.770146609012693
2024-05-19,P3,965.5768195656747,528.5433575524762,1509.5436364685834,3,9.757246387423626
2024-05-19,Q1,2034.6140806645685,1311.4934719270248,2505.3744118840145,4,13.186900192191127
2024-05-20,G2,776.534479475482,178.9854307131369,1672.176993285176,7,14.338188641735394
2024-05-20,P3,340.1465178850327,171.2742163353479,509.2703827441221,4,6.119622773554338
2024-05-20,Q1,955.54044026027,179.7464305583943,2575.17739086538,9,18.17172602037551
2024-05-21,G2,561.4834356958845,176.1604001558347,1312.1616512433134,6,13.728649915045875
2024-05-21,P3,795.1636047102612,767.5328911628284,822.794318257694,2,2.3253188954363386
2024-05-21,Q1,789.5596778096908,178.3132366708966,1693.673794783493,5,14.330424625933377
2024-05-22,G2,1278.7918325186376,343.1070044059351,2111.3634022108645,4,6.444161042029317
2024-05-22,P3,271.7348714436261,162.41050083265912,424.4805107718358,3,4.584088719439574
2024-05-22,Q1,1106.3734352843207,189.00170982883623,2144.777744311611,4,16.818743389178227
2024-05-23,G2,174.64119492190576,171.2191794959374,178.06321034787416,2,2.7147554231405877
2024-05-23,P3,774.6039662460385,271.91186602449693,1400.5507254548895,4,13.594874172783058
2024-05-24,G2,1799.670296161518,1545.8449948591574,2131.7694493496956,3,8.800788122896927
2024-05-24,P3,355.40615545597086,168.9426514910877,623.3881591421149,5,10.01389310388758
2024-05-24,Q1,604.95111024608,315.34275484757654,822.231934781936,3,4.872997165668369
2024-05-25,G2,800.0689606954318,777.9077143109056,822.2302070799578,2,3.2818337337406085
2024-05-25,P3,498.00282414049525,259.4296057936371,715.0613668723241,3,7.495424161005413
2024-05-25,Q1,581.5791603565403,176.54451342813394,1298.7789137993457,4,5.020926928816549
2024-05-26,G2,304.10616204551724,149.37584371099206,517.4731628479478,3,3.690770903190365
2024-05-26,P3,1462.3378115117043,956.0439347904093,1968.6316882329995,2,2.4207078212814244
2024-05-26,Q1,1734.7825050855051,1022.4272363183816,2266.202326124368,4,5.6718316980574635
2024-05-27,G2,1130.972877789923,156.3191004228308,2183.718283319746,6,10.945787698982224
2024-05-27,P3,2685.363296608868,2685.363296608868,2685.363296608868,1,1.5387777262467988
2024-05-27,Q1,551.8632329766953,164.48881519762892,1318.1403855909412,6,14.156065211064618
2024-05-28,G2,782.0363922815986,160.99612180476723,1690.1090341431322,5,10.948199104863594
2024-05-28,P3,851.7525188593252,163.64624326515883,1924.262694022778,5,9.665920866895464
2024-05-28,Q1,1270.265582046794,377.05772213947,2105.6216071247895,4,4.999418874926961
2024-05-29,G2,966.7049361015341,377.32809023764526,1852.4076737077307,6,14.75065949318241
2024-05-29,P3,1074.681239808788,515.9841113051264,1977.7650510932044,4,11.72073699015792
2024-05-29,Q1,1608.090247888131,479.16800062586566,2438.485618005047,11,19.107845620169133
2024-05-30,G2,660.2678745967687,182.4148581910332,1137.739343781295,6,14.930976508744415
2024-05-30,P3,980.3561513717208,521.773365442079,1513.0187921063102,3,3.8458342613586707
2024-05-30,Q1,1425.35599174762,638.2714695275764,2499.1183854881874,5,5.89331745299842
2024-05-31,G2,1120.8208005528559,236.01927874754728,2151.7949225595908,4,9.912357629956514
2024-05-31,P3,1245.423989284254,370.6066940443492,2120.241284524159,2,4.115249683700691
2024-05-31,Q1,2038.7272281909984,1173.9278813726137,2735.33509147642,3,3.156865582480892
2024-06-01,G2,415.4175832324934,176.9922805942064,769.0010494494869,5,6.352406937154097
2024-06-01,P3,2024.5946707810176,1859.7271818701784,2189.462159691857,2,6.54357007046875
2024-06-01,Q1,713.713405448046,179.41160515994864,1362.4277842445128,6,15.456285174808098
2024-06-02,G2,1001.1531658821613,165.25179304267755,2182.9739480816665,6,13.34536775955331
2024-06-02,P3,1425.923914083827,452.3168356009552,2342.529325057316,3,10.437620864308778
2024-06-02,Q1,2272.177300077098,2116.553474582611,2427.8011255715855,2,2.9948139119381727
2024-06-03,G2,734.916886427966,315.6299924772564,1257.3860065218173,6,10.398695451802698
2024-06-03,P3,777.3614458915047,169.43142602191955,1642.8964750671425,5,12.1720082077383
2024-06-03,Q1,822.8318753012409,236.9291945404052,1532.7019484152008,3,8.019215205106446
2024-06-04,G2,1618.9412155603677,811.6256290892084,2280.827646210416,3,2.295308567424204
2024-06-04,P3,769.7408803136027,163.04023573859533,1678.5309655183535,5,12.083112732912165
2024-06-04,Q1,1382.7625094818025,179.9451831454528,2552.053664573934,6,10.032581357915063
2024-06-05,G2,1173.3278851478988,317.567202855161,2148.2354482661212,7,14.142989630580761
2024-06-05,P3,190.93529363814164,181.09013935099165,199.1627387919136,3,5.2796242158533015
2024-06-05,Q1,813.9127297611107,178.9276811789867,1701.799436303375,3,5.556239232925156
2024-06-06,G2,1365.706316834741,654.2508396544353,2277.8789426879207,7,16.36504673801449
2024-06-06,Q1,1391.8291933774658,413.92837563306693,2369.7300111218647,2,1.4886006796588989
2024-06-07,G2,1321.250603087679,313.02583333127353,2159.3794363289226,6,7.69062007789756
2024-06-07,P3,1025.173914530588,166.46682696375683,2045.4842151332923,5,10.262940925739516
2024-06-07,Q1,622.5488490109727,179.92465208362154,1229.2614747996308,6,7.634923068732837
2024-06-08,G2,607.7434430348842,176.9298373865603,1388.8925486951591,7,15.140719736824225
2024-06-08,P3,986.1151261768023,179.9101907634386,2108.448518491638,3,5.953016196518446
2024-06-08,Q1,1061.4549657510374,375.3264947046674,1747.5834367974078,2,5.020743711235422
2024-06-09,G2,865.9772418904922,156.508745284074,1922.4514256353427,4,7.614941023526733
2024-06-09,P3,447.2459273453229,169.93403743785677,692.4060588316855,5,8.279712015436909
2024-06-09,Q1,600.447657709315,355.4886395790599,836.4195128103586,6,10.752448777091828
2024-06-10,G2,1167.0930509771351,474.56281936225633,2287.3003498115427,9,10.441139653420812
2024-06-10,P3,269.7320007657386,170.7188514458928,433.6810700742539,4,6.453686712555445
2024-06-10,Q1,981.5534503290821,173.8236306916892,1868.0246440016638,5,15.215815138669745
2024-06-11,G2,730.6477960831301,276.46746741997674,1322.3847307310093,4,13.810831360568601
2024-06-11,P3,518.3687790295122,262.03042286319896,775.2005827686892,3,10.70808624426368
2024-06-11,Q1,1604.715227471667,396.72379631174647,2556.7448658574863,7,18.55026471542816
2024-06-12,G2,1268.3789396131294,269.2194842969866,2552.7458405774137,5,10.06916083400105
2024-06-12,P3,1453.7741001810384,436.8712231005464,2310.1365294791062,5,5.650945113800544
2024-06-12,Q1,1255.283910082735,313.55092837305097,2442.0854512864407,5,6.3428686153740585
2024-06-13,G2,1071.6671883869217,166.1203187108482,2249.13279417642,5,11.315664338140419
2024-06-13,P3,373.61066130167256,159.01721148757352,664.0363452932086,3,4.328287772869975
2024-06-13,Q1,709.3743281812982,177.84792899636443,1664.114315416687,5,7.296338207068006
2024-06-14,G2,524.2913328278546,509.98733598693246,538.5953296687769,2,2.3214033786499115
2024-06-14,P3,1041.6398084362204,301.6339813748043,1880.697407022249,3,6.156764043788256
2024-06-14,Q1,1446.226134231187,674.4738733400557,1894.6243617400796,4,10.907174976652945
2024-06-15,G2,650.2879998769246,155.76825300597142,1450.3561949966004,6,14.163016297774359
2024-06-15,P3,717.984221193588,717.984221193588,717.984221193588,1,1.609207096288903
2024-06-15,Q1,981.901875073318,192.4712868925831,2199.482393016513,6,9.754673421493628
2024-06-16,G2,1451.9638944228711,495.44871690327477,2355.7712107615594,6,10.869785579939691
2024-06-16,P3,609.7631662797971,315.80914373636335,789.981759354571,5,10.098995834178762
2024-06-16,Q1,1075.7099968315779,196.17587370420364,2346.8178367289247,6,9.500533400591488
2024-06-17,G2,906.4313333682239,191.60544581365886,1815.2960508991112,8,15.51263535873467
2024-06-17,P3,1557.167236427645,200.61376875123912,2502.8930771282107,8,12.461078114318386
2024-06-17,Q1,1418.7300236424492,396.7529356853921,2503.628996189829,6,14.927302526024992
2024-06-18,G2,1154.965798429141,164.71544604902982,2104.9796446796863,7,14.054295651472803
2024-06-18,P3,1517.4642314354599,721.077457219251,2252.9356907158667,3,10.859901416154633
2024-06-18,Q1,505.60725652979477,191.34400186466928,878.0588508750633,9,20.011977425928148
2024-06-19,G2,389.2875866547387,172.4488519723631,740.1290597762771,7,7.88985544131236
2024-06-19,P3,1221.9626211009804,375.8598018963697,2489.098935284967,7,10.741845126631528
2024-06-19,Q1,1006.4104494336624,196.7344183161287,2196.0764444574324,6,10.69825779985169
2024-06-20,G2,1786.4810988109948,968.7296717643248,2604.2325258576648,2,1.6431823642047696
2024-06-20,P3,388.99036274371446,190.33056895971603,662.9619296604568,3,7.232585703996741
2024-06-20,Q1,584.0385137831753,399.7195543083039,815.6572452837237,7,15.403729884405216
2024-06-21,G2,959.9293740296674,173.87129993152632,2106.9945623003473,6,8.228118566061966
2024-06-21,P3,893.5084538524746,493.2518154841837,1446.011263239801,3,6.302690945055355
2024-06-21,Q1,1586.9029994608904,966.899752627559,2206.906246294222,2,3.5855767792571362
2024-06-22,G2,820.0886827679693,174.2533934954399,1694.4128154788496,5,13.043145086056679
2024-06-22,P3,1087.2603916813953,292.19752204606596,2034.93286162289,3,5.771606915061561
2024-06-22,Q1,1225.618864990788,181.90729991688093,2314.5634393284076,4,5.782989578687074
2024-06-23,G2,1117.0089772133374,172.78448265387064,2413.135292531622,7,10.018589666661443
2024-06-23,P3,787.8054417806677,179.20794002435633,1864.573169718743,5,9.478073400821604
2024-06-23,Q1,1490.7918669592898,471.82609767714473,2389.80376776982,5,12.459843918087298
2024-06-24,G2,1169.0645466881879,392.5085052362426,1945.6205881401331,2,0.8000855883686905
2024-06-24,P3,708.7678519839534,178.36597066466894,1489.628627289962,6,10.422106665006538
2024-06-24,Q1,1541.450546536619,305.001333929225,2423.33776096579,5,7.172293148918995
2024-06-25,G2,1127.116504541722,346.22963173743653,2284.0912370478522,7,14.3794172249758
2024-06-25,P3,1049.800895328484,310.73850750331917,1911.3121195549857,3,3.8321890890449732
2024-06-25,Q1,884.9807176329175,189.44801061181838,2197.907516831302,8,13.434979506261644
2024-06-26,G2,1015.1806547035679,177.5853970019394,2376.894317079289,6,12.205249486019207
2024-06-26,P3,1134.9951441499686,420.07411426644137,2254.259965319012,6,8.752344710054636
2024-06-26,Q1,1234.1466869558676,560.1606186310514,2362.8654208383455,4,4.40836210604296
2024-06-27,G2,361.1628185036652,166.45901727492014,622.546033659394,3,3.869000203625724
2024-06-27,P3,1234.7306080393794,181.5838452784043,2372.3514528821947,7,10.838547808728286
2024-06-28,G2,1513.3418512270102,635.4097006935261,2265.7591013675833,6,14.896913273522792
2024-06-28,P3,478.1525909713205,187.34310117345407,794.5954227282223,4,13.904378500329948
2024-06-28,Q1,979.4656263452547,197.04685456553153,2167.382551141335,5,9.485603215699834
2024-06-29,G2,736.4071042135054,168.0335021306164,1773.4627553868806,8,14.429085910997012
2024-06-29,P3,305.42154440905404,177.8989934603331,525.3579475035858,4,5.236255875038211
2024-06-29,Q1,633.189576609763,371.08491354188214,804.9258944787167,5,9.304212837898476
2024-06-30,G2,752.0447876015128,265.20424972911,1361.425089278876,4,9.19456084209129
2024-06-30,P3,977.9846727193833,174.07613436286962,2153.843116769547,4,4.424521870226611
2024-06-30,Q1,952.0978687504096,181.21451212881425,2040.4854048356876,7,13.9338789710514
2024-07-01,G2,880.4499668354465,166.2908765260663,1879.0444906450057,3,6.75438531882151
2024-07-01,P3,1090.8091159292962,358.35947741513405,1726.7055858845497,4,9.159192173052796
2024-07-01,Q1,1145.3737965104917,468.0257499380602,2118.1814996897847,6,21.67769284535118
2024-07-02,G2,882.3788518616894,294.7599440111643,1666.8811041970566,4,5.8916602726458835
2024-07-02,P3,998.699603497549,178.27111783687045,2137.730301947351,3,2.3055541302634857
2024-07-02,Q1,502.349963507334,193.12346573327875,809.2777909460648,4,5.38892340542274
2024-07-03,G2,1060.512975436646,188.61374888875002,2220.508103066374,6,6.1376212353674475
2024-07-03,P3,1308.878933318712,323.39343557942857,2126.6551435539127,5,8.798971929540906
2024-07-03,Q1,451.1761608876849,286.3466039288676,551.8361825418813,4,6.905390727828553
2024-07-04,G2,164.78499430342973,159.40139328155377,169.12008418557582,3,7.149617921884063
2024-07-04,P3,1275.8859597040653,285.4786910728492,2442.816129614665,4,13.877364353519035
2024-07-04,Q1,1453.5709928922972,182.7721153732402,2408.9812435323697,9,15.867926664412092
2024-07-05,G2,859.8671934384591,167.70362026671108,2077.6965068720906,9,14.001507634169869
2024-07-05,P3,2379.084116392826,2180.227639437074,2586.6751764952883,3,5.0790325516534764
2024-07-05,Q1,1274.5074461158151,182.09771900959063,2451.266023285655,7,20.889541070312728
2024-07-06,G2,740.2511976982057,182.6978993540632,1596.4488570925191,4,7.389412490264008
2024-07-06,P3,1166.75305564804,176.33336560304093,2080.807805908239,6,8.458433698762743
2024-07-06,Q1,483.95422284149765,236.01876390650173,731.8896817764936,2,3.3326575224000887
2024-07-07,G2,1206.4698743075908,394.2297133491455,2438.6431013746096,8,14.219186644577883
2024-07-07,P3,2395.739624780326,2395.739624780326,2395.739624780326,1,1.657666759597752
2024-07-07,Q1,955.2646287756947,193.27174978797976,2059.9461375796545,4,10.29574103218346
2024-07-08,G2,2344.4209117653063,2231.1780288501177,2457.6637946804944,2,2.5684156748237035
2024-07-08,P3,1617.7980978604287,912.8765853991641,2220.677218812225,4,8.85060500816736
2024-07-08,Q1,856.2210182496445,182.43417234219592,1822.2959685639096,4,5.920785571114122
2024-07-09,G2,829.4331606506743,168.6519874342303,1748.6061099464916,3,4.8655555638939
2024-07-09,P3,995.6358483682648,354.05585822352066,1791.2224451848515,4,5.517637726886735
2024-07-09,Q1,1289.0789707596914,539.9349405726177,2336.802501787615,5,8.81563961630486
2024-07-10,G2,1120.7256083356865,184.89894696516666,2226.74459251255,7,18.9111667023262
2024-07-10,P3,742.8832022311545,742.8832022311545,742.8832022311545,1,3.035800301393077
2024-07-10,Q1,1184.0634616573839,732.7744344916283,1961.446167172448,4,6.6484212619753515
2024-07-11,G2,608.8961535094724,160.90526203395194,1364.0187371985085,5,9.061034854317812
2024-07-11,P3,326.94987238232096,175.54375505321147,583.0464056803154,4,4.609327376028017
2024-07-11,Q1,1194.236001797068,300.55708713869535,2234.1360760935363,3,3.9776170908641784
2024-07-12,G2,480.2008538272368,181.5745939882253,722.183049674305,5,7.5669449508964
2024-07-12,P3,283.66914934880236,170.66286998786342,431.38102244186854,3,2.8864668594795027
2024-07-12,Q1,2032.2010350788303,1098.2219829920728,2740.9636187874594,3,9.353726451209578
2024-07-13,G2,271.12242476710054,165.91354988793023,466.9269605036319,6,15.873166682018297
2024-07-13,P3,1410.9398449820976,173.24669991715115,2478.749316780231,5,7.489589481554131
2024-07-13,Q1,1212.0232874993799,760.9429766225834,1911.759845175143,4,7.161962286988404
2024-07-14,G2,1034.564653485147,179.38909029253168,2287.083329554423,8,12.81373393290515
2024-07-14,P3,1785.778555385623,737.5904270135072,2537.9833750560197,4,7.356067890513024
2024-07-14,Q1,468.1435377607651,189.79399583387027,882.6557777259876,5,16.50527567596268
2024-07-15,G2,1106.2956162309993,364.0119501684758,2113.2121234915076,4,4.74142052438299
2024-07-15,P3,804.1959359364087,783.8481503085022,824.5437215643151,2,2.3024909332328467
2024-07-15,Q1,1145.0442595025586,195.1751968485645,2391.579528589279,6,19.491132779043422
2024-07-16,G2,151.6370262209826,151.6370262209826,151.6370262209826,1,0.25
2024-07-16,P3,1181.7283200364282,368.0109617601495,1995.445678312707,2,2.5656555779820804
2024-07-16,Q1,1823.5404025122552,1823.5404025122552,1823.5404025122552,1,0.8233789284245141
2024-07-17,G2,762.8166145037819,309.5375257424017,1487.1771778259117,5,9.441449204577289
2024-07-17,P3,899.6541594902178,173.8607034945246,1971.5360535519153,4,5.956250486050366
2024-07-17,Q1,1546.536430209563,639.403960015542,2672.0460960080463,6,16.677171953770912
2024-07-18,G2,872.3762220111357,264.57943873616455,1557.1709016411535,3,9.095068227979958
2024-07-18,P3,1351.6724590764518,461.6119605021986,2170.6965147895635,3,5.1688037059105945
2024-07-18,Q1,1469.3966079661216,420.34143538675085,2755.515862548079,7,13.944861417121182
2024-07-19,G2,1483.4911516057568,197.0455472789048,2523.7080887161487,8,15.893353022282081
2024-07-19,P3,2007.06350354054,1810.0446452575654,2222.986920626074,5,10.334726481754174
2024-07-19,Q1,1022.8937217939242,183.78581345685788,2512.732725594963,9,20.479334508611867
2024-07-20,G2,691.6725969860398,199.842170708524,962.7438557748374,9,14.16697695446404
2024-07-20,P3,1089.277854796986,680.3369995729332,1746.3516816069655,4,9.994201687318867
2024-07-20,Q1,1200.8848624218692,181.6525990428433,2617.203266517526,3,6.921604106510054
2024-07-21,G2,327.90604225622167,192.79314522285927,463.01893928958407,2,2.7681747597237774
2024-07-21,P3,507.1970520547121,260.8236173233432,753.570486786081,2,3.767414832530509
2024-07-21,Q1,855.8397767076394,180.86339815339335,1790.2937078901111,3,6.239459943450605
2024-07-22,G2,552.0147038401918,304.5711555171805,763.1868649811629,5,14.989662143472726
2024-07-22,P3,424.46413228759246,189.60296796801876,744.4295414601254,3,14.290591822231544
2024-07-22,Q1,2329.46285557991,2086.3869156572873,2572.538795502533,2,2.998776342865246
2024-07-23,G2,1213.9829064401692,173.4430305755657,2213.009334707876,8,12.590697616444507
2024-07-23,P3,1085.0935401994168,250.2112745279274,2135.013130485728,3,4.975571876051382
2024-07-23,Q1,786.8609919222624,191.9710964936712,1632.1645129581082,7,18.096791366215943
2024-07-24,G2,531.2614077590829,509.1876436262563,555.4166637449528,4,6.044516139401924
2024-07-24,P3,2012.359331613812,1126.1264561960566,2762.450624550155,3,7.7380449766249235
2024-07-24,Q1,2325.871465466599,2291.985557105721,2367.7866828845595,3,6.334611840752292
2024-07-25,G2,969.1308951895813,353.77731338627643,2156.599510181602,7,20.079116482486334
2024-07-25,P3,1927.9826680145225,1927.9826680145225,1927.9826680145225,1,2.483514192225744
2024-07-25,Q1,1593.6388172221878,668.7790639715225,2348.7233602127944,4,4.606919454313646
2024-07-26,G2,1084.0557878911168,596.9859361332637,1571.1256396489698,2,2.8993949363896254
2024-07-26,P3,1011.0993281394718,186.4707806929966,2326.79028422734,6,12.282332744436157
2024-07-26,Q1,872.0879946791779,244.3487088853533,1641.3870602940178,3,6.6293606923020825
2024-07-27,G2,1467.1078456585535,195.74561366576557,2328.2668098672816,7,12.178725365814
2024-07-27,P3,787.2353140876138,181.41391927299307,1738.950960543934,4,8.322537592861424
2024-07-27,Q1,921.6401794582669,203.9650055927925,1836.4369172756565,5,15.734348762845473
2024-07-28,G2,1491.7163606658855,876.4429441633874,2106.9897771683836,2,5.197943132150731
2024-07-28,P3,530.5165653192508,275.46562859406555,785.5675020444362,2,2.132719753582945
2024-07-28,Q1,1058.8379328974593,379.843733347981,2108.220698801308,7,15.433355340502704
2024-07-29,G2,923.998141943947,198.1986255931182,2080.35491067982,8,13.419593354965956
2024-07-29,P3,1550.057489503617,185.86553966548828,2503.372624609777,5,8.424649153440154
2024-07-29,Q1,1037.8788989721136,413.9399951925882,1976.340267911524,7,8.195424581995638
2024-07-30,G2,772.7290384409334,196.87429813460577,1609.9210184589017,9,19.818488164072136
2024-07-30,P3,1051.164807832595,200.87727670336943,2186.694720598506,6,6.089972717273691
2024-07-30,Q1,1402.0885195986268,776.1766279042904,1885.9199834624644,3,2.2375178641165765
2024-07-31,G2,852.7525875063981,172.3274050177545,1904.279853827015,5,10.171765275446456
2024-07-31,P3,1853.2650054211358,1853.2650054211358,1853.2650054211358,1,1.181414838640596
2024-07-31,Q1,504.38020740018146,201.69504240432423,812.5458455170206,4,10.476489479124567
2024-08-01,G2,491.18563933958853,163.5830057350796,1048.0027863725845,8,16.38310729458886
2024-08-01,P3,728.6020957138011,166.2634032478877,1502.346925405382,3,5.860135381206659
2024-08-01,Q1,977.8187047028832,327.3892812577526,1669.6112631792219,3,6.761984252106873
2024-08-02,G2,783.0210787615948,161.23876364434352,2253.429077688558,9,19.836510904799503
2024-08-02,P3,777.9665769577184,773.7070641374982,782.2260897779387,2,1.6005002902301944
2024-08-02,Q1,313.5767495125877,179.38960021371224,563.0276648871475,6,21.84340165244139
2024-08-03,G2,736.0292486915649,180.15187277165302,1740.6262308190699,5,14.39226327046192
2024-08-03,P3,635.4027320224254,334.33486468893796,880.1998086814641,3,5.127794923733219
2024-08-03,Q1,1310.5245180774268,376.1347156551278,2218.4972067710273,4,7.232012238470377
2024-08-04,G2,753.6238700701825,325.136574065588,1292.00938914042,5,10.292888648056415
2024-08-04,P3,1505.936367199646,310.2558280632069,2738.508405046406,4,6.707032720002035
2024-08-04,Q1,1280.2449210071038,396.6818264894527,2128.295563740753,6,14.609748612383406
2024-08-05,G2,371.08002343373613,164.97328914891872,647.2159253263151,3,3.9045648837332463
2024-08-05,P3,903.1524749846845,319.5292294221648,1786.572846971446,5,7.648669522120851
2024-08-05,Q1,658.5013213784949,181.78205396432833,1415.7767551522406,6,10.77058587324402
2024-08-06,G2,1035.9116048011413,350.3071798993594,1946.8802354210504,4,8.890704940737528
2024-08-06,P3,1917.0476504472274,1210.7247377668198,2365.9504600384453,5,7.98008512678098
2024-08-06,Q1,1031.8941905325578,197.27663874364703,2165.6665933729964,6,14.094552935450645
2024-08-07,G2,1699.9144936429948,643.4899236089492,2542.483200092875,4,9.294055999171299
2024-08-07,P3,1483.1852625564306,704.9283310656283,2215.6234985989595,3,5.873262260840928
2024-08-07,Q1,794.3606823762155,180.71150472908485,1695.2450804793557,5,8.76954929616478
2024-08-08,G2,1488.4326602631684,524.8656684188632,2336.933481350355,3,6.822193506640057
2024-08-08,P3,1426.9139019329782,667.2480383874984,2432.8467689181794,5,13.056221627899282
2024-08-08,Q1,768.9913167022759,190.11407016941249,1572.4592831722293,3,5.008452621012244
2024-08-09,G2,828.2983687846727,179.51813543304223,1731.85434883162,3,3.330642456307093
2024-08-09,P3,1135.624659124983,339.2748707645479,2119.990130015118,5,12.41964887101113
2024-08-09,Q1,1536.3391752981308,193.44730594617766,2491.0099586686306,5,12.812623900689381
2024-08-10,G2,919.9834269263698,187.37149829850915,2043.3603785661958,6,15.735875751609449
2024-08-10,P3,1011.9809026334248,276.9340414673129,2038.1101174911873,4,9.97630155745261
2024-08-10,Q1,761.0893908147887,180.2634538358492,1904.5746171414226,6,15.671844588884802
2024-08-11,G2,737.7894567543741,177.94358779001948,1312.8530465316142,7,14.63239479808475
2024-08-11,P3,2530.328175726998,2391.90237775438,2668.753973699616,2,4.384473044663467
2024-08-11,Q1,506.7171671418928,195.3586253657112,768.813801724396,6,7.961120415540974
2024-08-12,G2,919.445828785949,169.10200402184987,2439.5680780897515,12,17.181991591686476
2024-08-12,P3,650.680638170896,174.09338914411188,1574.819161080084,6,9.75062421641989
2024-08-12,Q1,1362.2999666438986,435.49456671089035,2289.105366576907,2,1.172925867324735
2024-08-13,G2,1108.7602355457173,289.72253985215804,2099.078708414195,5,9.542899947604742
2024-08-13,P3,1200.2594670177557,322.8678730665422,1809.7154148858488,5,13.892162745570925
2024-08-13,Q1,1259.3172952464124,330.88973615618585,2443.190358654629,5,13.022519719336175
2024-08-14,G2,1747.330928680345,932.9814640631189,2356.8431371688935,3,4.895088363957644
2024-08-14,P3,1242.3640365565,416.05234167026873,2068.675731442731,2,1.2247406955033888
2024-08-14,Q1,755.6902833588484,199.2545024356698,1525.8140035225306,3,10.435669182664078
2024-08-15,G2,1542.2568931114529,697.6196899285604,2280.122336424558,8,11.08554968183837
2024-08-15,P3,1752.1160541487175,809.4004588568982,2564.461405964848,8,11.494973370460077
2024-08-15,Q1,1201.1753579484187,621.2457713262424,2177.268487231916,7,16.60713095979249
2024-08-16,G2,1520.705189431743,595.0262440939945,2185.672029871429,3,3.031592105890791
2024-08-16,P3,1295.9408692569389,204.69236171980643,2373.119317673014,7,11.78328028575847
2024-08-16,Q1,1414.8547740686236,239.33863802570545,2539.6281510721115,10,19.962922519480067
2024-08-17,G2,1046.6131538095428,413.52507666203223,1679.0322566779216,7,15.428761573794013
2024-08-17,P3,2346.291676377842,1868.9035320687701,2823.6798206869144,2,4.153315015403532
2024-08-17,Q1,1631.4169890395233,1017.5007191067872,2073.6318729269838,3,7.081764926460613
2024-08-18,G2,1653.0460304635003,404.6988210573782,2666.494717092442,5,7.5193176932849495
2024-08-18,P3,1003.0315367389902,334.2368097096777,1878.050077396493,4,9.780264982637096
2024-08-18,Q1,695.1977973109404,181.73766568835896,1393.6845035319236,8,10.362833676329998
2024-08-19,G2,905.0575937984095,175.5114346375249,2088.7215811895985,4,5.9354077922758055
2024-08-19,P3,849.6860574973641,319.253022685133,1687.7400526037186,5,9.879085287781873
2024-08-19,Q1,1322.560685330847,355.46942342728227,2227.990955902553,6,9.3064260988459
2024-08-20,G2,897.9351231189355,306.11664798005705,1658.355357528739,5,5.822940666565614
2024-08-20,P3,411.2626078673684,192.15754191316802,831.8972870957357,6,12.730180845448423
2024-08-20,Q1,1291.6756148717038,214.5497262424057,2755.66391916499,6,13.124383246980228
2024-08-21,G2,831.6712444417726,168.85255160193435,1977.7829464380943,6,19.57279239345335
2024-08-21,P3,841.7461985484008,814.5225853613701,868.9698117354314,2,4.751680853884336
2024-08-21,Q1,1101.0913599468995,195.61863887672678,2316.4264960571077,6,11.445206110723962
2024-08-22,G2,1285.9027926711856,413.4578609381733,2334.529692581623,5,5.5669250867286575
2024-08-22,P3,1039.5429006797785,245.87640321811335,2037.7631437514665,3,3.2904353436109908
2024-08-22,Q1,1556.1334090220237,831.893321933938,2302.6018823877353,5,12.395211629853385
2024-08-23,G2,888.4713562680705,240.29671959247528,1709.3429704015614,3,4.877409809907126
2024-08-23,P3,919.5574547440305,184.91126109486385,1963.3733644574202,4,14.279095534059717
2024-08-23,Q1,1742.3113433967574,672.1429058965952,2513.6633274115056,3,13.634913322346595
2024-08-24,G2,1514.3964390584144,342.1918463261659,2688.0144972093567,4,8.98203058130561
2024-08-24,P3,406.777380603493,180.0166597434504,708.7417337682787,3,4.092957013351781
2024-08-24,Q1,972.0866156431208,181.8062552260797,1775.0364689547657,4,6.034755549194059
2024-08-25,G2,1061.3630822318387,187.41813516471575,2141.717223318313,5,8.208791638399322
2024-08-25,P3,624.7813695130817,574.8188286212064,674.7439104049569,2,2.35750582489278
2024-08-25,Q1,653.3562771185332,189.5788106957852,1384.3196494964568,6,15.087248577732527
2024-08-26,G2,1087.672924396819,173.96959038563088,2338.0081807626584,7,16.379234981323286
2024-08-26,P3,1138.2168133597809,185.08144427989404,2100.2799416637713,6,12.790877137733622
2024-08-26,Q1,874.7918786398011,336.10147954662966,1466.3642183432373,5,5.144294491113032
2024-08-27,G2,917.4072185996196,174.46738433385786,1707.824705285038,6,19.624867359158024
2024-08-27,Q1,893.7673497101998,315.53213762760515,1627.9303415363033,4,4.992267673024449
2024-08-28,G2,1876.5245451076476,1185.6835012422184,2310.353576995111,4,5.698467098311351
2024-08-28,P3,1668.8338849033698,916.4343499937783,2421.2334198129615,2,2.013527225245256
2024-08-28,Q1,717.053673157211,204.68354135811308,1607.9034796452315,7,11.802958266011977
2024-08-29,G2,976.8244854260504,547.9674763089984,1667.8647036142747,4,5.965046717755747
2024-08-29,P3,1729.9210001467422,660.2988485492527,2644.1613354400406,7,11.92199691397718
2024-08-29,Q1,388.45198731890576,242.76299440763222,534.1409802301794,2,5.415510314867227
2024-08-30,G2,1726.3500143638737,1022.2052671828761,2273.6808187416914,3,5.2561659209063745
2024-08-30,P3,518.7243258028107,252.15968214186208,763.1682225082358,3,4.885878008900777
2024-08-30,Q1,1398.1653610743754,658.9637844612464,2208.493035286934,4,10.3795980615941
2024-08-31,G2,716.9220480144501,192.63562158443045,1856.9800258558585,8,9.45855499211352
2024-08-31,P3,1570.480751792235,492.80015918042955,2648.1613444040404,2,1.5703062850003002
2024-08-31,Q1,466.1549501922013,204.9355010924756,821.3457211897347,6,14.259673177997637
2024-09-01,G2,943.3882336955334,164.85242742712467,1839.6265092888175,7,15.220245036067679
2024-09-01,P3,1080.180692321889,167.56478564508927,2118.390515404537,4,8.828833460781274
2024-09-01,Q1,1814.7826974616853,684.8033883736944,2646.113646712919,4,12.294772425714875
2024-09-02,G2,636.1394100715416,169.59183133111242,1302.4651519619351,6,8.986088323692112
2024-09-02,P3,860.0212545568392,186.01673603178068,2031.8795858974738,6,9.000012768720584
2024-09-02,Q1,1015.3695043755226,199.5617163467188,1934.6649997541856,5,6.054850217687245
2024-09-03,G2,1062.4440828441557,611.2252672077809,1672.1201490569963,5,8.710758059580067
2024-09-03,P3,1747.5456666014004,1062.6208664419255,2322.681003020559,3,5.748445627893512
2024-09-03,Q1,889.8673962983644,213.07000451605637,2340.3590988625356,9,17.43559204004555
2024-09-04,G2,378.27003847010184,183.45084866208668,684.1682036035066,5,12.950264628480351
2024-09-04,P3,1566.2708365506787,468.9077456056507,2663.6339274957068,2,1.9048550556406008
2024-09-04,Q1,1737.8303145920943,654.143761514799,2537.4302952646226,4,13.890654151267785
2024-09-05,G2,1127.9449209783113,291.9758225420917,2146.9746275249004,3,7.1590286038774265
2024-09-05,P3,208.22682112950713,186.94045581311082,227.3629699599825,3,9.60110990500336
2024-09-05,Q1,586.78559970416,188.59502166965748,893.8872381527902,5,8.866854199828403
2024-09-06,G2,979.6851513312521,161.05136396342843,1843.197579727072,4,8.53161654889406
2024-09-06,Q1,1349.7695435999694,187.0531320041991,2598.2632610338837,9,15.892288064544427
2024-09-07,G2,1158.791975594312,446.03029859768947,1794.6206593622828,6,10.104163716607033
2024-09-07,P3,1390.0695140487035,214.85788108124555,2720.1777918311086,4,7.223659144496521
2024-09-07,Q1,197.83479684768741,184.65381958692035,210.07454856914126,5,7.817529452447376
2024-09-08,G2,697.8047248826344,175.60543813613756,1158.5260725419496,7,12.310876670112458
2024-09-08,P3,1043.7618075808903,261.99394747674506,2015.9700758639449,3,10.30607477077375
2024-09-08,Q1,668.7174494638017,173.25426124813276,1630.524319188959,6,8.043777846915265
2024-09-09,G2,2141.2226492107234,1248.3846284947326,2674.786894910517,6,11.709748944933516
2024-09-09,P3,521.9479207225585,521.9479207225585,521.9479207225585,1,2.4709577601827077
2024-09-09,Q1,997.065029629396,217.7025675514359,2085.105971648545,3,8.068048750799903
2024-09-10,G2,1336.3769638871372,481.3471133270617,2028.9473650389405,3,5.707648761207374
2024-09-10,P3,952.1750387922799,186.6055444253655,2009.248952507624,3,5.235276904704144
2024-09-10,Q1,1325.588331457456,205.6636619760843,2283.987860256102,6,14.530316725879572
2024-09-11,G2,1039.6394985657391,572.7307260457628,1807.3848639930443,5,7.463399354432103
2024-09-11,P3,706.8109423352167,177.40229534484797,1408.80977758874,5,8.32124232104345
2024-09-11,Q1,1714.581823976654,663.0727911466358,2499.748494859406,3,5.697427804629693
2024-09-12,G2,386.09977597036095,168.9474063299677,627.3924868471121,4,7.917957446104247
2024-09-12,P3,485.3408759686512,485.3408759686512,485.3408759686512,1,1.1645162457629104
2024-09-12,Q1,413.40117256484564,191.922473181091,768.1147227230108,5,11.524698789860315
2024-09-13,G2,1312.8537993428438,201.3072433057379,2619.864920323701,7,10.226578259733508
2024-09-13,P3,988.0270295483185,266.9343906471742,1962.820664920558,4,3.6212309527610627
2024-09-13,Q1,610.82713599069,195.30205880929773,1338.4244037109743,7,12.28792491274099
2024-09-14,G2,303.04214249480856,159.80675879185605,486.10127932469646,3,7.87125976442891
2024-09-14,P3,1456.0205517698782,387.03389992440975,2810.865568282258,5,6.04712681585578
2024-09-14,Q1,923.9757908902641,207.68769789821064,2029.4795787184412,5,7.811824499682767
2024-09-15,G2,492.29031060920335,250.65315075414404,723.2354045152808,3,8.173626654771121
2024-09-15,P3,200.30933431605752,197.0801979111281,203.5384707209869,2,4.794265231029944
2024-09-15,Q1,1316.1990188448974,593.2919350883564,2358.915566763554,5,9.445539900144794
2024-09-16,G2,551.3660967319489,174.7733463839482,1095.0359825616595,7,13.52586919213745
2024-09-16,P3,1136.4683299748397,309.86138084136485,2088.7673642837635,3,2.907228264049104
2024-09-16,Q1,1101.5884951170656,202.1718411660198,2435.7118489623626,7,15.902389427423616
2024-09-17,G2,1550.3203118850313,614.7480707506149,2526.1938372249597,4,10.750019265824422
2024-09-17,P3,1213.0891190188959,584.3961952071004,2138.7234505984284,5,6.5875337184829466
2024-09-17,Q1,761.8069581490997,623.5492093914761,900.0647069067234,2,3.6327876668221752
2024-09-18,G2,1052.4708294447703,565.6522115556065,1613.7676095819718,3,5.307362006994395
2024-09-18,P3,959.1982592433077,193.8424534888724,2095.243039296281,7,9.799829541332969
2024-09-18,Q1,453.1693009629771,183.82746322203397,770.7321460801326,4,7.010502872690642
2024-09-19,G2,918.9155748222139,164.79211222176494,1967.0703844055606,3,3.982360576969111
2024-09-19,P3,402.96416462356353,197.2298644799397,642.720151969154,4,6.821934290305592
2024-09-19,Q1,1237.2548586984083,196.49375644074755,2245.212765114972,8,14.493820246772469
2024-09-20,G2,1525.2517822774855,321.4257677605772,2328.881890721871,5,12.260003044975559
2024-09-20,P3,1338.4197793871158,427.7199216537813,2249.1196371204505,2,0.917096560869723
2024-09-20,Q1,839.9576390953523,282.3630335023345,1517.253640590395,4,3.2700013092604063
2024-09-21,G2,1069.3073260366357,184.59396743147303,2162.2067550506504,5,9.256885873695955
2024-09-21,P3,1146.27000699666,262.01604518566285,2290.9739310444975,3,5.0466227029198345
2024-09-21,Q1,1805.8167241784327,423.15019844042786,2814.2122726578464,5,11.656653670035068
2024-09-22,G2,1376.0770276399849,438.60049634255637,2178.4268616848294,5,5.017308661577422
2024-09-22,P3,1130.52741614978,224.09452440673633,2287.365639030479,5,9.738973856518314
2024-09-22,Q1,828.8231889165668,191.85806158789492,1704.5973072881275,4,15.203572352100977
2024-09-23,G2,1441.1740484151485,458.9703233090734,2289.2061276637733,7,14.888455855958707
2024-09-23,P3,398.3798274059679,184.7961126056808,688.6474032932958,3,8.629072271608495
2024-09-23,Q1,841.6254429325691,188.5221852903754,1757.0848529134537,5,5.6766480223938665
2024-09-24,G2,842.5054629775765,381.81814830749653,1385.078692527154,7,16.11568466063087
2024-09-24,P3,736.5606605112848,191.04477243307744,1486.1436541288115,3,4.588731157262182
2024-09-24,Q1,795.9358229547283,795.9358229547283,795.9358229547283,1,3.221417072146875
2024-09-25,G2,1288.4403564691074,166.72425723904917,2441.610431297221,4,5.487409567987474
2024-09-25,P3,915.5298199269685,349.2338884364814,1613.378940373235,4,10.122201293509928
2024-09-25,Q1,1614.077097356111,194.05811102857072,2465.5166308202292,9,17.528879816716806
2024-09-26,G2,392.87424470742144,206.101790109683,579.6466993051598,2,12.609333746033787
2024-09-26,P3,1428.2082238465703,192.62184481735753,2736.226194062454,4,12.994676249744092
2024-09-26,Q1,658.8592156715347,323.5206365055515,928.7885224188256,3,7.4198431108108265
2024-09-27,G2,774.064213723472,769.8509687755175,778.2774586714266,2,5.675256853920915
2024-09-27,P3,1195.9027781306033,322.4101910971582,2213.6335787167436,3,3.80256322304365
2024-09-27,Q1,1222.260708615395,193.46150483842337,2512.5870196631067,6,10.275368589989656
2024-09-28,G2,1293.6131171851448,181.7873248178503,2444.150856692516,6,15.196161876565778
2024-09-28,P3,201.04851752390812,190.46469874558824,211.632336302228,2,1.1808075269151301
2024-09-28,Q1,1422.1553621537464,623.8406475679701,2250.961430240163,4,5.998109187205407
2024-09-29,G2,330.6373186446222,168.84317908690133,618.0333627655365,6,10.154623505285384
2024-09-29,P3,1107.9980494342851,501.66305474723504,1955.442285755441,3,6.858374607041286
2024-09-29,Q1,1605.110889197831,836.314054860388,2656.5401548616646,3,4.349518737542771
2024-09-30,G2,1199.0305262124898,193.03379991531375,2497.63121969837,6,9.923756553766914
2024-09-30,P3,903.2776289687882,903.2776289687882,903.2776289687882,1,1.7305265782988342
2024-09-30,Q1,1035.8639130444903,354.1453906231069,1717.5824354658737,2,2.2255620209228026
2024-10-01,G2,1397.6076753551508,401.2637355869201,2668.163897868269,5,6.050865224883892
2024-10-01,P3,158.9191384994124,158.9191384994124,158.9191384994124,1,0.9947203921553865
2024-10-01,Q1,2305.669051602139,2169.2882975014086,2442.0498057028694,2,2.614002075105822
2024-10-02,G2,1045.8898571032687,285.5109503651261,1918.4697724371151,3,5.661001965884179
2024-10-02,P3,2604.5818603765583,2604.5818603765583,2604.5818603765583,1,1.9644297049709503
2024-10-03,G2,301.7847266704173,176.81076121291818,469.1381766112114,3,6.338286025013108
2024-10-03,P3,487.37037580219277,252.34044107868408,722.4003105257015,2,5.4142103782037045
2024-10-03,Q1,1662.9544259874424,809.585289213783,2516.323562761102,2,1.8249952633401314
2024-10-04,G2,1419.0573155930351,428.6471204038887,2409.4675107821818,2,2.0643126339012166
2024-10-04,P3,972.4509666816023,331.84027998506394,1816.946305380553,5,11.01379076057732
2024-10-04,Q1,573.04403122271,287.57906464665933,854.4156736518389,3,8.843848669371006
2024-10-05,G2,1274.4763163923203,442.7615604656536,2148.089042765166,6,15.444750032193397
2024-10-05,P3,2323.792293270395,2224.5517447011725,2423.032841839618,2,11.381123919717297
2024-10-05,Q1,927.6656687196387,177.62386383141228,2667.4608817307258,9,10.747372935108695
2024-10-06,G2,1016.6723642715245,325.4327449778629,1992.1457240212903,5,6.162390193726806
2024-10-06,P3,183.26742687490582,172.34258275226335,194.1922709975483,2,1.6964163800476224
2024-10-06,Q1,1485.4145414913135,551.3023180049365,2577.6518647650773,4,8.138485002694022
2024-10-07,G2,718.3378484535589,193.87190280688088,1185.8417764747974,6,9.883701565008923
2024-10-07,P3,1138.108159439872,203.85655175794795,2236.8402070592488,4,9.537290139355324
2024-10-07,Q1,671.4819970726129,179.7510518137123,1634.971148124084,5,10.735436367320123
2024-10-08,G2,674.4799743092138,159.72654267534344,1569.8919612889479,8,13.873871626955527
2024-10-08,P3,830.2401929806776,181.0111886008382,1814.836890801049,4,12.601680940063941
2024-10-08,Q1,373.70168358023994,224.69724079160963,522.7061263688703,2,2.616781590294993
2024-10-09,G2,1136.0684516365793,157.94222305817644,2324.514565686013,6,19.579572056430248
2024-10-09,P3,1214.1762323814687,209.07974452381168,2364.4767467897714,4,11.054631175451213
2024-10-09,Q1,2041.752142546234,1097.625303960997,2627.0734972719683,5,15.695579083146352
2024-10-10,G2,415.7006801548594,152.82347675090747,786.6199838401106,5,9.24405927959806
2024-10-10,P3,689.729674139424,508.8985416597549,867.3271618146999,4,7.27605679048854
2024-10-11,G2,1625.7822166942294,841.8814760028721,2195.7398251191044,3,7.733665612973857
2024-10-11,P3,2035.5475453990775,1755.549424728571,2315.545666069584,2,2.8351033476650658
2024-10-11,Q1,1093.5679842618185,282.8988712732722,2073.791877618164,3,3.346899583182315
2024-10-12,G2,994.2360469270149,183.05250050743462,2076.1181522280126,6,10.292302786467967
2024-10-12,P3,964.9809437260819,341.04891250237915,1633.665301941076,3,3.2494841101387433
2024-10-12,Q1,604.9259361242468,200.85514924212316,1402.56810325127,6,8.50441977777658
2024-10-13,G2,896.9420295150181,179.519112149252,1722.2605309173268,5,11.409899521757842
2024-10-13,P3,1051.8708534438395,643.6824632208259,1460.059243666853,2,5.355816777796722
2024-10-13,Q1,1302.312576525133,444.64200331671503,2435.392484548396,8,15.003065586361101
2024-10-14,G2,415.74306283250013,224.58946019384973,606.8966654711505,2,3.1857130087346945
2024-10-14,P3,913.4933961876928,299.8080770978184,1571.6667802435575,3,11.957209411324667
2024-10-14,Q1,1253.7532784114908,206.15205046809794,2776.9540618920155,6,5.723865362124174
2024-10-15,G2,1166.2975421054396,161.4758987823,2431.6344867760754,7,10.171831663237159
2024-10-15,P3,638.7367818592362,164.30104570052816,1559.8367879083617,5,10.806037568945417
2024-10-15,Q1,1354.803528502191,397.566838199564,2331.9612059006163,4,9.541190449077178
2024-10-16,G2,1807.4663680347658,1807.4663680347658,1807.4663680347658,1,3.7993462875473525
2024-10-16,P3,456.512556734747,273.2364110848342,577.5533216368384,4,7.754461151108936
2024-10-16,Q1,1622.4507177390312,440.3314512448369,2600.225348413885,7,8.273375129447379
2024-10-17,G2,922.0348777585573,177.84949151484298,2367.6700644255566,8,12.94134280984914
2024-10-17,P3,1536.2848182434066,195.89568425403883,2762.280300719413,6,12.80154596299775
2024-10-17,Q1,746.2916963920701,729.8417246670816,762.7416681170586,2,3.653241750834205
2024-10-18,G2,874.5447655304704,180.6406840609317,1744.9504890311841,5,5.844153938879825
2024-10-18,P3,1342.55081193144,440.7216979212229,2244.379925941657,2,5.595041301089799
2024-10-18,Q1,1572.973431261426,564.8780972199982,2585.753099538947,4,7.429299619368338
2024-10-19,G2,337.98994441644345,203.63599512619848,472.34389370668845,2,4.605902085911938
2024-10-19,P3,555.7174110758267,555.7174110758267,555.7174110758267,1,0.8798056386682945
2024-10-19,Q1,1117.381970954068,566.5818374267567,1981.3511247766817,4,11.403866691561447
2024-10-20,G2,163.4234802070948,160.7703621304226,166.076598283767,2,7.352652735712956
2024-10-20,P3,1059.1479435657482,338.83551265513347,1875.1243675401536,5,8.970149148061044
2024-10-21,G2,290.564050440381,155.88521389749607,478.01479326304394,3,2.1415266006257165
2024-10-21,P3,1520.4279460269388,932.6664423578079,2108.1894496960695,2,6.6960601588422675
2024-10-21,Q1,1339.1485125641623,609.9874166475072,2309.1116342907712,3,5.351821880813409
2024-10-22,G2,671.4576201036991,187.86374494409475,1485.1277635984352,6,20.970118986590823
2024-10-22,P3,390.94215376749946,236.18809062612064,545.6962169088783,2,2.64691298612638
2024-10-22,Q1,795.3153808781559,212.32555074786302,1614.9711237541137,6,14.003498836300182
2024-10-23,G2,954.4048089416349,180.63307279443734,2108.822061316641,7,8.888083144773118
2024-10-23,P3,182.0931590778157,182.0931590778157,182.0931590778157,1,3.7774172724419905
2024-10-23,Q1,1299.5122097602912,426.6117108870516,2945.6643977846193,7,12.780342617279757
2024-10-24,G2,1541.739016213685,959.8460324782118,2065.253379024702,3,4.931132938607078
2024-10-24,P3,2580.942166074779,2580.942166074779,2580.942166074779,1,4.173570102595495
2024-10-24,Q1,1328.3447278969554,193.15430082142655,2510.5130485625805,6,8.71561016138819
2024-10-25,G2,1114.0970744203478,181.80457177177584,2312.2648779329957,8,20.809487867241515
2024-10-25,P3,1282.5243236168747,504.89349693828876,1861.3172313144814,3,6.1115888377526755
2024-10-25,Q1,1107.9069874776912,747.4015613429978,1738.3963294003402,5,16.60404696850021
2024-10-26,G2,782.2515874519219,265.71284600489923,1477.593061485777,4,9.70603668321996
2024-10-26,P3,530.9103673181066,480.7766927555049,576.3137898233945,4,5.273974682364269
2024-10-26,Q1,962.6936613998948,182.50098164253714,1951.4571748863532,5,6.433847251584392
2024-10-27,G2,896.2932602593011,251.73292581727856,1667.874772601801,3,8.895794717133452
2024-10-27,P3,385.70520486624036,182.39724476525762,657.5341425895836,3,3.9728011108854018
2024-10-27,Q1,1834.499910770626,995.2642649465022,2418.570563748597,4,6.266893578844754
2024-10-28,G2,161.21948268334398,161.21948268334398,161.21948268334398,1,1.2396863642182319
2024-10-28,P3,1162.459488794486,192.03913440629748,2252.2207598308983,4,10.548033203041165
2024-10-28,Q1,1069.2397370835213,193.90450885108,2375.415736190108,8,10.977558308951167
2024-10-29,G2,532.2644492750884,173.08258485215708,1234.7281228363925,6,9.857436240325127
2024-10-29,P3,580.023787384905,292.24065532713075,788.7057167574892,4,7.056698568116161
2024-10-29,Q1,1639.2064246465766,400.9115351304573,2862.9629744091585,4,9.45934156784706
2024-10-30,G2,1557.248371143858,554.3299410582305,2332.2933750410857,3,7.012770351770309
2024-10-30,P3,1649.0346150447726,1015.9485126108406,2282.120717478705,2,1.7749117873993026
2024-10-30,Q1,848.2940282049603,181.81261162587313,1836.438207211982,5,14.975192805240049
2024-10-31,G2,673.2314565895078,632.9687144826568,713.4941986963589,2,4.032734003283862
2024-10-31,P3,1345.405029062648,873.8817102902497,1816.9283478350467,2,2.632700976284775
2024-10-31,Q1,482.1417871844945,224.25420245300086,784.05595188489,4,5.55712922764202
2024-11-01,G2,987.6686613100367,186.62726617199198,2201.1197709587564,8,19.84315882688946
2024-11-01,P3,1529.6170077204165,321.934668347275,2556.1696554470486,5,9.91395247912201
2024-11-01,Q1,1596.178095905284,423.84286670934034,2653.026629133903,8,16.81507687876742
2024-11-02,G2,1517.3554561878414,744.2103393937161,2327.3104413100245,4,10.88327637145581
2024-11-02,P3,1026.023751589966,315.33665556398495,1846.472967386381,3,5.802827982571195
2024-11-02,Q1,1397.343930438397,176.00996896509196,2349.046691401186,5,7.403546184599085
2024-11-03,G2,886.1289385738917,581.8656084405802,1317.2136928746522,5,14.998872863979864
2024-11-03,P3,574.616557643972,178.01463569336343,1291.8168571231486,5,9.701138411053972
2024-11-03,Q1,1417.7730677316704,347.508596742351,2563.2353332218127,6,12.139970660795102
2024-11-04,G2,278.59665789708487,171.39340098108144,422.61136378850165,3,10.497268343076566
2024-11-04,P3,206.23618424360876,205.6134276098599,206.8589408773576,2,2.6320577658068824
2024-11-04,Q1,687.7836889576034,190.18696374505046,1396.8506376644368,5,10.953588046330708
2024-11-05,G2,175.89485983807742,175.89485983807742,175.89485983807742,1,3.350686112023716
2024-11-05,P3,1585.0706342982041,818.2673349256914,2305.416585128634,5,12.843725660652172
2024-11-05,Q1,1301.3353663221571,197.7988631646041,2427.668746574416,6,10.804705159321365
2024-11-06,G2,1698.0145366780039,1118.1376941956087,2178.9760001571212,4,9.432014731209968
2024-11-06,P3,730.224526306707,175.71866469002606,1501.2224622021831,3,4.5766834457493
2024-11-06,Q1,1907.138221554426,792.4229876062382,2577.4516073793366,6,13.795955421113412
2024-11-07,G2,1718.3214849974756,497.43503579593425,2537.232125357485,6,12.542945534632217
2024-11-07,P3,1761.174641713609,453.1486638336642,2692.6948417385174,6,11.163258674389967
2024-11-07,Q1,1154.0848187812744,570.7419445574957,2044.1230373190833,4,13.296700952486164
2024-11-08,G2,1365.062144763828,309.3653343327344,2518.237608817313,4,7.813478565520754
2024-11-08,P3,173.60106437513107,173.60106437513107,173.60106437513107,1,2.3147033801317103
2024-11-08,Q1,681.8340043992938,174.76140087626453,1197.5120342044265,9,15.977443720680215
2024-11-09,G2,1480.1997420992923,501.6202834201612,2151.845693062199,6,6.192599505837424
2024-11-09,P3,1682.4700335143202,604.4044083852223,2492.9458428832536,5,9.309524438827896
2024-11-09,Q1,1275.7250246063536,209.45701040644946,2976.5595591886354,6,14.312712051514858
2024-11-10,G2,431.1257879020084,178.77192870668264,805.1189355811381,5,12.493675195090715
2024-11-10,P3,859.251531842303,169.74333176364905,1668.9649169539148,6,8.470365836378488
2024-11-10,Q1,656.6317381205815,324.72598104882,900.1728628445848,3,6.065452225884751
2024-11-11,G2,412.2519486697404,192.43899749228837,689.9331153542641,4,7.183039017058592
2024-11-11,P3,1187.34593064772,528.6009245984735,2104.101801506427,3,12.412306302225044
2024-11-11,Q1,1171.6949863971652,562.5239351151181,2013.7785817745316,3,7.184881643620186
2024-11-12,G2,892.1396679508927,184.7160313493237,1869.087941487384,3,4.998989077812976
2024-11-12,P3,870.5089539348263,165.0796498093608,1880.7547077985055,4,5.821916767494558
2024-11-12,Q1,1502.6215027480275,561.7031993995774,2327.3625171564936,5,6.330970007160592
2024-11-13,G2,560.2034664772164,159.1627158314472,1268.1876218684781,4,11.070700741729594
2024-11-13,P3,462.0669058294611,240.86551016420134,683.2683014947208,2,2.2540066773511547
2024-11-13,Q1,1460.6460191709705,441.7907952175958,2724.2592190032815,5,11.905423902182722
2024-11-14,G2,924.9829193178512,550.59007525792,1370.3786849538228,3,7.000258896972301
2024-11-14,P3,953.0216131113758,211.78101995765633,2075.0494304657386,4,7.255870550967913
2024-11-14,Q1,2992.6378944092103,2992.6378944092103,2992.6378944092103,1,2.4374232762421295
2024-11-15,G2,1145.769192949081,357.28682160403446,1934.2515642941275,2,3.7527383073641927
2024-11-15,P3,1390.137862834462,319.7229712489495,2754.9600735218814,5,9.229706772002931
2024-11-15,Q1,2043.8943828720876,1804.9139883832609,2325.693762060338,3,5.072554860963057
2024-11-16,G2,1119.9717543836714,563.1857671430923,1798.9913150497719,3,6.437628993684054
2024-11-16,P3,1219.7747457779094,306.2982060320966,2286.282309537769,3,3.0977470764858483
2024-11-16,Q1,1683.0436718657468,624.933030277552,2443.169592961395,3,3.583192724229431
2024-11-17,G2,1212.5836485709997,410.2521083815385,2326.4444469665214,5,13.144063606304076
2024-11-17,P3,1063.1481502042552,299.39765699790235,1789.8062999129725,4,8.268530654126401
2024-11-17,Q1,1924.1286260506101,1184.1945034244243,2454.3837533696146,3,5.628908545757029
2024-11-18,G2,1325.7600701376027,187.35769682279602,2389.3282721288674,7,13.670453390898214
2024-11-18,P3,743.1754490516272,188.28675593886925,1785.8026408933965,5,5.897897934580851
2024-11-18,Q1,432.41743668885454,194.02791219500008,657.5153589908099,7,14.478796256434315
2024-11-19,G2,1600.4232654564426,399.18522038445195,2485.8566306109055,8,12.069655910616193
2024-11-19,P3,928.2994656538363,345.4466468873379,1511.1522844203346,2,6.574336229062459
2024-11-20,G2,413.75722184369795,179.21734432594073,696.6031795605176,4,5.815777276765658
2024-11-20,P3,821.0167829172834,198.63915493392966,1602.8283658722057,6,10.228459857400878
2024-11-20,Q1,1514.537416018079,471.75110393671423,2557.323728099444,2,2.83585330984808
2024-11-21,G2,1799.4526376243793,1022.0787800436913,2405.8772295307563,4,4.43955762632717
2024-11-21,P3,671.7480623523719,166.45193549303818,1634.2760090145928,6,13.704355745864877
2024-11-21,Q1,343.42201636891707,198.242384450773,620.256382932101,5,7.125776459897631
2024-11-22,G2,174.45891292688887,160.3864075902085,184.53909996717925,3,6.695392031484782
2024-11-22,P3,808.2589019713902,180.72808017484905,1691.710940808082,5,11.215004497470833
2024-11-22,Q1,919.3508314055249,919.3508314055249,919.3508314055249,1,2.8640063451683218
2024-11-23,G2,1221.5214998254091,685.7310569645822,1961.2438092430768,3,12.33349166468765
2024-11-23,P3,1053.5635896509,344.967301082517,2046.1132928421162,4,9.693222788691083
2024-11-23,Q1,379.52755865615325,246.63309461145744,512.4220227008491,2,4.330761895639727
2024-11-24,G2,1533.7224061105426,438.285432504289,2629.159379716796,2,3.481464895928611
2024-11-24,P3,1231.831785963268,354.8918966016519,2120.3324004993033,4,9.375055286687939
2024-11-24,Q1,1482.8503421163184,474.33748905486334,2491.363195177774,2,3.7365724591679896
2024-11-25,G2,1393.1042349445563,495.4454797009646,2158.445718330908,3,6.605364530271974
2024-11-25,P3,1685.532761611488,595.7795921661626,2581.2547308478984,3,3.780480381635538
2024-11-25,Q1,893.961582289094,175.62423229937752,1779.2947717459779,6,14.453995411763556
2024-11-26,G2,1611.7908278504033,1009.8306146545563,2213.75104104625,2,1.3132220882189367
2024-11-26,P3,1634.6667853831284,861.9441506140138,2407.389420152243,2,2.257459490184652
2024-11-26,Q1,1309.497566743409,203.05776175148065,2590.281195138768,8,20.528459179089985
2024-11-27,G2,1015.7339412230509,254.37295169637184,1985.9855446806573,3,5.040714301337668
2024-11-27,P3,1006.3894008430998,184.90487975634048,2320.1541149103814,5,13.540714832314821
2024-11-27,Q1,349.0896736034257,216.5313435619087,481.6480036449427,2,7.463900262094931
2024-11-28,G2,856.0846048547786,322.0094503163085,1390.1597593932486,2,4.847283579867999
2024-11-28,P3,1413.5043254728366,588.1210461869401,2197.494095021305,4,10.65705264589012
2024-11-28,Q1,502.88130559498705,167.137772089836,916.2591379314782,9,18.95904982204331
2024-11-29,G2,1372.8001251805795,588.6534845504245,2140.5020698625694,4,9.38182617736371
2024-11-29,P3,342.81444741176426,217.37113802162588,468.2577568019027,2,4.96112183575875
2024-11-29,Q1,1184.3540295090415,371.62287601116714,2349.9393063877783,6,11.003679145148988
2024-11-30,G2,870.2529855753972,170.87600843463014,2257.492227353936,7,14.394467063036604
2024-11-30,P3,878.4493416594746,345.10967659824325,1498.473885259963,4,8.79279881163386
2024-11-30,Q1,590.4416544626322,173.4784851255416,1168.164471008379,8,12.728798720182377
2024-12-01,G2,451.4761623478524,221.15060119060504,681.8017235050997,2,1.8761979993583409
2024-12-01,P3,1229.6265435953324,378.148217245794,2081.104869944871,2,1.3669745135074214
2024-12-01,Q1,767.460042510074,178.0560802215279,1632.1843703333368,6,9.2221700272736
2024-12-02,G2,1160.6667177597485,349.3478156313939,2223.570838239158,7,8.168582709312792
2024-12-02,P3,1105.5663364153877,563.3591909349514,1922.9350825591087,4,2.9234080921018433
2024-12-02,Q1,2419.0815960403133,2419.0815960403133,2419.0815960403133,1,0.3261586923727522
2024-12-03,G2,518.9314666435488,181.8160647054101,1123.9181404472076,7,15.72280606948676
2024-12-03,P3,826.9395781578944,352.2359060162553,1350.66966307556,4,4.949505190101958
2024-12-03,Q1,743.7688655459516,189.37522470494866,1484.6678122676926,5,4.78377788110075
2024-12-04,G2,1428.2980401055495,754.5656591748542,1978.3006326310642,3,4.437692775178979
2024-12-04,P3,848.151542850836,281.7057285641867,1539.7030315255647,3,7.092218588143166
2024-12-04,Q1,968.8069072825347,330.65232636319445,1811.4157813384263,4,10.057303686191194
2024-12-05,G2,2640.8891181327217,2640.8891181327217,2640.8891181327217,1,0.44204314448546067
2024-12-05,P3,1316.1659887996557,344.74108071963076,2495.447278792671,5,13.422734437484786
2024-12-05,Q1,1399.9718830562272,184.51899044756678,2724.5158232921553,10,18.186767649344237
2024-12-06,G2,1724.378427482008,892.3679633026657,2342.3377945882166,3,8.045101359648315
2024-12-06,P3,502.6143283618545,502.6143283618545,502.6143283618545,1,2.1581850146186436
2024-12-06,Q1,1498.8942765396278,998.1785469644175,1916.701951679574,3,5.833063783710781
2024-12-07,G2,712.4804161673462,173.818427609389,1385.1281905758613,5,9.538848015939388
2024-12-07,P3,1148.4777575408593,383.4422913971033,2167.618573017451,4,10.011962686127381
2024-12-07,Q1,717.14294590589,204.58422142597078,1430.7114027797004,3,7.269605073867559
2024-12-08,G2,1306.8032671118415,656.8131514112754,2136.0084081829546,6,7.896403427669199
2024-12-08,P3,800.9107711449731,181.69232498695376,1710.6768942281178,5,6.155472997951861
2024-12-08,Q1,515.9008955678623,307.7686379212547,685.0985171953229,4,4.451268798837324
2024-12-09,G2,451.8501027495769,169.3803318602699,740.170007514903,4,8.20245096952499
2024-12-09,P3,981.9375105142009,647.9905664409051,1416.117616765502,3,10.852693289454706
2024-12-09,Q1,1484.2263223313619,483.25253356142895,2467.2493844469755,6,12.855865617091489
2024-12-10,G2,1074.8048713854582,174.3356437157368,2355.112099695862,10,18.468888376890824
2024-12-10,P3,1018.8888313704722,187.46164198393464,2498.573413610341,7,13.183584707113642
2024-12-10,Q1,1229.8492675013313,199.97849296714594,2528.877721748282,7,20.341628630270698
2024-12-11,G2,1470.3184992626564,1030.8213443611799,1747.4867902824096,4,8.815204990002163
2024-12-11,P3,2152.0412743134084,1754.9309476264148,2583.8118594448392,4,5.425242940120144
2024-12-11,Q1,1121.254867872155,534.349739307417,2063.8284107031755,4,6.005473797186241
2024-12-12,G2,1175.3556701830082,354.6459337802671,2028.1214748265602,4,6.468970215406588
2024-12-12,Q1,1638.7432384636306,715.8324525237672,2292.0432164098643,4,7.141410016055057
2024-12-13,G2,350.8684268310836,160.94642673670577,692.9455265128764,6,12.862900048888974
2024-12-13,P3,1233.8556265647849,318.4382880416793,2385.951309410805,5,7.7878443342771515
2024-12-13,Q1,1643.9401161350738,638.4691084251526,2616.736430373587,5,6.916584701620813
2024-12-14,G2,1904.2066928100962,1040.4358655203764,2626.9071491765844,5,12.298021347432696
2024-12-14,P3,1628.4947270404748,612.1898266828565,2385.5189854618084,3,9.577089100126754
2024-12-14,Q1,1341.9125524755536,184.44499883836622,2537.1217167242376,9,14.64777082466892
2024-12-15,G2,896.533312373083,232.30980698996956,1729.4053973840291,3,7.6511950655202146
2024-12-15,P3,550.1645796992353,306.95456930606457,738.7636485846086,3,7.331191122567466
2024-12-15,Q1,1273.3844542039471,191.27615283971124,2350.0928550166664,4,8.342906833374384
2024-12-16,G2,475.95202880388047,269.5769913719094,676.6268609717938,4,6.492181400979722
2024-12-16,P3,492.9106616949133,231.61419021644855,754.207133173378,2,11.701671997289985
2024-12-16,Q1,1646.30071726639,989.2479250113674,2235.099950652572,3,4.518577165196839
2024-12-17,G2,975.6965702694217,255.39317329933172,1985.0456081452455,4,4.798991895765115
2024-12-17,P3,949.9525995180946,164.1133607228555,2049.1510844737927,3,3.5084656345097494
2024-12-17,Q1,1035.4561913962063,195.87910677153977,2198.085952385559,6,10.148465423992606
2024-12-18,G2,1636.7333897891392,1636.7333897891392,1636.7333897891392,1,0.7591910212277172
2024-12-18,P3,419.5333458522699,206.8697818209785,741.090942681652,5,8.912834844878038
2024-12-18,Q1,1181.5390011897537,201.32311540427787,2668.7303300960793,5,14.732393978964513
2024-12-19,G2,680.9689627791784,185.44515346886845,1341.7962502860337,4,8.74856103377197
2024-12-19,P3,1583.2630244378818,644.4494119780684,2640.617220013335,6,8.753678186949621
2024-12-19,Q1,405.542160900988,195.16886481436435,691.5996164433157,3,5.915621589494581
2024-12-20,G2,913.3069724757167,167.44118382932436,2118.6477148132117,9,20.465034019166808
2024-12-20,P3,1040.7449198681836,649.5196488742845,1553.5489594753872,3,2.1499626890982757
2024-12-20,Q1,622.5515881646893,201.57744022318397,1066.1121059261254,9,19.81592031029403
2024-12-21,G2,1072.9880418127686,567.2836072163351,1888.9701156601611,4,4.301876904098991
2024-12-21,P3,289.5830479810698,168.37360153855937,526.0009553657894,6,9.916314477876089
2024-12-21,Q1,415.01032603606825,194.8266817710704,579.978465393419,5,10.806614604970056
2024-12-22,G2,973.2009549357925,186.1137794259572,1884.0407888520126,7,14.269918462704975
2024-12-22,P3,928.2822895543603,191.32183090464656,1880.3785205843424,6,7.5243651350719585
2024-12-22,Q1,1294.3958462025905,188.95139345786063,2404.706559038715,6,9.845603187613829
2024-12-23,G2,328.3642009031765,171.46131449180064,635.430681720363,6,11.794897553560002
2024-12-23,P3,565.7277695353525,269.2526616577432,805.9540200828761,4,3.636189472313164
2024-12-23,Q1,420.94869686614754,178.6404407170926,728.9289136992224,4,10.297503207010465
2024-12-24,G2,754.717463010125,162.6492986839795,1695.0485076366815,6,19.76971905574236
2024-12-24,P3,938.4212886645901,288.6862501218339,1741.857984278557,5,12.74952875438797
2024-12-24,Q1,217.11060926823268,213.0891878692986,221.13203066716673,2,5.69477647579131
2024-12-25,G2,752.2239395766948,170.20590611250037,1715.3517603865023,7,18.598676040170353
2024-12-25,P3,870.8462516428145,171.37644322269568,2131.4051480826874,7,12.823245177534254
2024-12-25,Q1,1231.6689598381392,193.84609504187222,2395.6234423398105,7,11.001683303832696
2024-12-26,G2,961.5453790852897,723.0872918582093,1340.8064712033383,4,10.304836586632433
2024-12-26,P3,783.6946521088174,157.27777000979452,1615.5734482985388,5,9.584317155023474
2024-12-26,Q1,744.3446170775973,169.36249779890707,2075.2678143370113,8,17.495793174174743
2024-12-27,G2,1377.5578691756482,150.19488733159358,2344.850679037798,9,14.606793408535953
2024-12-27,P3,2135.6226659293866,1843.6058304089322,2427.6395014498407,2,3.510374921590821
2024-12-27,Q1,600.7341204890994,321.33238819312203,871.0045023271476,5,11.196441789365599
2024-12-28,G2,946.0413622558705,371.71061722418824,1722.111201397151,5,10.561231981448064
2024-12-28,P3,401.20321782625905,211.6835187401827,590.7229169123354,2,4.830765614232394
2024-12-28,Q1,1175.3493371621346,181.595515003845,2316.9416550140536,4,14.174955868116129
2024-12-29,G2,260.49435754453884,166.280214424583,415.522688536522,4,4.536992807912862
2024-12-29,P3,738.4287084134896,288.69074826731986,1270.9000340761086,4,9.961155411813738
2024-12-29,Q1,1271.6260602700993,189.2243525896717,2121.822165275284,5,7.848862322686003
2024-12-30,G2,991.8842713649601,174.16468603928612,2132.529771725431,3,6.97629262390366
2024-12-30,P3,318.9673610568968,183.03154741092274,602.734832490029,7,8.00245404011826
2024-12-30,Q1,185.9252627695793,171.6109314914309,201.87994158868815,4,11.13575109561426
2024-12-31,G2,967.4222525846375,157.39911986227196,2041.342228168888,10,18.01283935522463
2024-12-31,P3,1570.754025394779,599.5299284859227,2267.8692440607806,3,6.46987533408274
2024-12-31,Q1,993.9625178228039,203.06909865929794,2530.381077889272,11,19.737207223303745
