date,line,orders,orders_otif,gal_ordered,gal_on_time,otif_service_rate,otif_volume_rate
2025-01-01,G2,2,0,249.0,0.0,0.0,0.0
2025-01-01,Q1,3,0,154.5,0.0,0.0,0.0
2025-01-02,Q1,1,1,25.25,25.25,1.0,1.0
2025-01-03,G2,4,4,180.0,180.0,1.0,1.0
2025-01-03,P3,2,2,105.0,105.0,1.0,1.0
2025-01-03,Q1,2,2,34.75,34.75,1.0,1.0
2025-01-04,G2,1,1,65.0,65.0,1.0,1.0
2025-01-04,Q1,1,1,16.5,16.5,1.0,1.0
2025-01-05,P3,2,2,175.0,175.0,1.0,1.0
2025-01-05,Q1,3,3,124.0,124.0,1.0,1.0
2025-01-06,G2,2,2,163.0,163.0,1.0,1.0
2025-01-06,Q1,1,1,22.75,22.75,1.0,1.0
2025-01-07,P3,3,3,85.0,85.0,1.0,1.0
2025-01-08,G2,1,1,147.0,147.0,1.0,1.0
2025-01-08,Q1,5,5,184.5,184.5,1.0,1.0
2025-01-09,G2,1,1,41.0,41.0,1.0,1.0
2025-01-10,G2,3,3,49.0,49.0,1.0,1.0
2025-01-10,P3,1,1,95.0,95.0,1.0,1.0
2025-01-10,Q1,2,2,206.75,206.75,1.0,1.0
2025-01-11,G2,2,2,179.0,179.0,1.0,1.0
2025-01-11,Q1,3,3,176.25,176.25,1.0,1.0
2025-01-12,G2,1,1,68.0,68.0,1.0,1.0
2025-01-13,G2,1,1,12.0,12.0,1.0,1.0
2025-01-13,P3,1,1,15.0,15.0,1.0,1.0
2025-01-14,Q1,1,1,31.5,31.5,1.0,1.0
2025-01-15,P3,1,1,40.0,40.0,1.0,1.0
2025-01-15,Q1,1,1,83.5,83.5,1.0,1.0
2025-01-16,G2,3,3,339.0,339.0,1.0,1.0
2025-01-16,P3,2,2,55.0,55.0,1.0,1.0
2025-01-16,Q1,1,1,81.75,81.75,1.0,1.0
2025-01-17,P3,1,1,15.0,15.0,1.0,1.0
2025-01-17,Q1,1,1,83.25,83.25,1.0,1.0
2025-01-18,Q1,1,1,27.5,27.5,1.0,1.0
2025-01-19,P3,1,1,45.0,45.0,1.0,1.0
2025-01-19,Q1,2,2,139.0,139.0,1.0,1.0
2025-01-20,G2,8,8,344.0,344.0,1.0,1.0
2025-01-20,P3,1,1,245.0,245.0,1.0,1.0
2025-01-21,G2,1,1,71.0,71.0,1.0,1.0
2025-01-21,Q1,3,3,156.0,156.0,1.0,1.0
2025-01-22,P3,4,4,130.0,130.0,1.0,1.0
2025-01-23,P3,3,3,105.0,105.0,1.0,1.0
2025-01-23,Q1,1,1,47.0,47.0,1.0,1.0
2025-01-24,G2,2,2,166.0,166.0,1.0,1.0
2025-01-24,Q1,1,1,41.75,41.75,1.0,1.0
2025-01-25,P3,1,1,50.0,50.0,1.0,1.0
2025-01-25,Q1,1,1,36.0,36.0,1.0,1.0
2025-01-26,G2,1,1,139.0,139.0,1.0,1.0
2025-01-26,Q1,3,3,191.0,191.0,1.0,1.0
2025-01-27,P3,2,2,85.0,85.0,1.0,1.0
2025-01-27,Q1,1,1,227.25,227.25,1.0,1.0
2025-01-28,G2,1,1,61.0,61.0,1.0,1.0
2025-01-28,P3,2,2,75.0,75.0,1.0,1.0
2025-01-28,Q1,1,1,73.25,73.25,1.0,1.0
2025-01-29,G2,1,1,71.0,71.0,1.0,1.0
2025-01-29,P3,1,1,35.0,35.0,1.0,1.0
2025-01-29,Q1,1,1,74.25,74.25,1.0,1.0
2025-01-30,G2,3,3,83.0,83.0,1.0,1.0
2025-01-30,P3,1,1,35.0,35.0,1.0,1.0
2025-01-30,Q1,1,1,101.25,101.25,1.0,1.0
2025-01-31,G2,3,3,199.0,199.0,1.0,1.0
2025-01-31,P3,1,1,50.0,50.0,1.0,1.0
2025-02-01,G2,2,2,160.0,160.0,1.0,1.0
2025-02-01,P3,2,2,140.0,140.0,1.0,1.0
2025-02-02,G2,4,4,215.0,215.0,1.0,1.0
2025-02-02,P3,1,1,55.0,55.0,1.0,1.0
2025-02-02,Q1,1,1,41.5,41.5,1.0,1.0
2025-02-03,Q1,1,1,23.25,23.25,1.0,1.0
2025-02-04,G2,3,3,121.0,121.0,1.0,1.0
2025-02-04,P3,1,1,30.0,30.0,1.0,1.0
2025-02-04,Q1,2,2,108.5,108.5,1.0,1.0
2025-02-05,G2,1,1,35.0,35.0,1.0,1.0
2025-02-05,P3,1,1,35.0,35.0,1.0,1.0
2025-02-05,Q1,3,3,140.5,140.5,1.0,1.0
2025-02-06,P3,2,2,125.0,125.0,1.0,1.0
2025-02-06,Q1,2,2,310.75,310.75,1.0,1.0
2025-02-07,G2,1,1,23.0,23.0,1.0,1.0
2025-02-07,Q1,2,2,67.0,67.0,1.0,1.0
2025-02-08,G2,1,1,24.0,24.0,1.0,1.0
2025-02-08,P3,1,1,30.0,30.0,1.0,1.0
2025-02-08,Q1,2,2,75.0,75.0,1.0,1.0
2025-02-09,G2,2,2,51.0,51.0,1.0,1.0
2025-02-09,Q1,1,1,173.5,173.5,1.0,1.0
2025-02-10,G2,2,2,58.0,58.0,1.0,1.0
2025-02-10,P3,1,1,15.0,15.0,1.0,1.0
2025-02-11,G2,1,1,22.0,22.0,1.0,1.0
2025-02-11,P3,1,1,15.0,15.0,1.0,1.0
2025-02-11,Q1,1,1,57.5,57.5,1.0,1.0
2025-02-13,P3,1,1,55.0,55.0,1.0,1.0
2025-02-13,Q1,1,1,74.25,74.25,1.0,1.0
2025-02-14,G2,3,3,135.0,135.0,1.0,1.0
2025-02-14,P3,1,1,70.0,70.0,1.0,1.0
2025-02-14,Q1,4,4,124.5,124.5,1.0,1.0
2025-02-16,Q1,1,1,71.75,71.75,1.0,1.0
2025-02-17,G2,1,1,57.0,57.0,1.0,1.0
2025-02-17,P3,5,5,165.0,165.0,1.0,1.0
2025-02-17,Q1,2,2,37.5,37.5,1.0,1.0
2025-02-18,G2,1,1,12.0,12.0,1.0,1.0
2025-02-18,Q1,3,3,166.25,166.25,1.0,1.0
2025-02-19,Q1,1,1,15.0,15.0,1.0,1.0
2025-02-20,G2,2,2,87.0,87.0,1.0,1.0
2025-02-20,Q1,1,1,33.75,33.75,1.0,1.0
2025-02-21,G2,1,1,107.0,107.0,1.0,1.0
2025-02-21,Q1,2,2,224.5,224.5,1.0,1.0
2025-02-22,P3,1,1,30.0,30.0,1.0,1.0
2025-02-23,G2,1,1,47.0,47.0,1.0,1.0
2025-02-24,G2,4,4,164.0,164.0,1.0,1.0
2025-02-24,Q1,3,3,149.75,149.75,1.0,1.0
2025-02-25,G2,3,3,180.0,180.0,1.0,1.0
2025-02-25,P3,2,2,40.0,40.0,1.0,1.0
2025-02-25,Q1,1,1,45.0,45.0,1.0,1.0
2025-02-26,P3,1,1,170.0,170.0,1.0,1.0
2025-02-27,G2,1,1,29.0,29.0,1.0,1.0
2025-02-27,P3,2,2,220.0,220.0,1.0,1.0
2025-02-28,G2,1,1,57.0,57.0,1.0,1.0
2025-02-28,P3,4,4,105.0,105.0,1.0,1.0
2025-02-28,Q1,5,5,239.5,239.5,1.0,1.0
2025-03-01,G2,1,1,31.0,31.0,1.0,1.0
2025-03-01,P3,3,3,105.0,105.0,1.0,1.0
2025-03-01,Q1,2,2,42.5,42.5,1.0,1.0
2025-03-02,Q1,1,1,22.5,22.5,1.0,1.0
2025-03-03,G2,1,1,56.0,56.0,1.0,1.0
2025-03-03,Q1,2,2,104.25,104.25,1.0,1.0
2025-03-04,G2,2,2,109.0,109.0,1.0,1.0
2025-03-04,P3,2,2,65.0,65.0,1.0,1.0
2025-03-04,Q1,3,3,61.0,61.0,1.0,1.0
2025-03-05,P3,4,4,180.0,180.0,1.0,1.0
2025-03-05,Q1,1,1,39.0,39.0,1.0,1.0
2025-03-06,G2,3,3,200.0,200.0,1.0,1.0
2025-03-06,P3,1,1,50.0,50.0,1.0,1.0
2025-03-07,G2,4,4,134.0,134.0,1.0,1.0
2025-03-07,P3,2,2,45.0,45.0,1.0,1.0
2025-03-08,Q1,3,3,137.0,137.0,1.0,1.0
2025-03-09,G2,1,1,34.0,34.0,1.0,1.0
2025-03-09,Q1,1,1,45.0,45.0,1.0,1.0
2025-03-10,G2,2,2,83.0,83.0,1.0,1.0
2025-03-10,P3,4,4,160.0,160.0,1.0,1.0
2025-03-11,G2,1,1,12.0,12.0,1.0,1.0
2025-03-11,P3,2,2,40.0,40.0,1.0,1.0
2025-03-11,Q1,3,3,205.0,205.0,1.0,1.0
2025-03-12,G2,2,2,54.0,54.0,1.0,1.0
2025-03-12,Q1,1,1,52.0,52.0,1.0,1.0
2025-03-13,G2,1,1,54.0,54.0,1.0,1.0
2025-03-14,G2,1,1,40.0,40.0,1.0,1.0
2025-03-15,G2,2,2,55.0,55.0,1.0,1.0
2025-03-15,P3,1,1,80.0,80.0,1.0,1.0
2025-03-16,P3,2,2,40.0,40.0,1.0,1.0
2025-03-16,Q1,1,1,109.75,109.75,1.0,1.0
2025-03-17,G2,2,2,96.0,96.0,1.0,1.0
2025-03-17,P3,6,6,270.0,270.0,1.0,1.0
2025-03-17,Q1,4,4,280.75,280.75,1.0,1.0
2025-03-18,P3,2,2,185.0,185.0,1.0,1.0
2025-03-18,Q1,2,2,76.5,76.5,1.0,1.0
2025-03-19,G2,3,3,121.0,121.0,1.0,1.0
2025-03-19,P3,1,1,40.0,40.0,1.0,1.0
2025-03-20,G2,2,2,186.0,186.0,1.0,1.0
2025-03-20,P3,1,1,60.0,60.0,1.0,1.0
2025-03-20,Q1,1,1,36.0,36.0,1.0,1.0
2025-03-21,P3,3,3,140.0,140.0,1.0,1.0
2025-03-21,Q1,3,3,91.25,91.25,1.0,1.0
2025-03-22,P3,1,1,65.0,65.0,1.0,1.0
2025-03-22,Q1,3,3,133.25,133.25,1.0,1.0
2025-03-23,P3,2,2,35.0,35.0,1.0,1.0
2025-03-24,P3,2,2,50.0,50.0,1.0,1.0
2025-03-24,Q1,2,2,89.5,89.5,1.0,1.0
2025-03-25,G2,2,2,96.0,96.0,1.0,1.0
2025-03-25,P3,3,3,80.0,80.0,1.0,1.0
2025-03-26,G2,3,3,149.0,149.0,1.0,1.0
2025-03-26,P3,1,1,30.0,30.0,1.0,1.0
2025-03-26,Q1,1,1,23.25,23.25,1.0,1.0
2025-03-27,Q1,1,1,46.5,46.5,1.0,1.0
2025-03-28,P3,2,2,60.0,60.0,1.0,1.0
2025-03-28,Q1,1,1,37.25,37.25,1.0,1.0
2025-03-29,G2,1,1,12.0,12.0,1.0,1.0
2025-03-30,P3,3,3,120.0,120.0,1.0,1.0
2025-03-31,G2,2,2,46.0,46.0,1.0,1.0
2025-03-31,Q1,1,1,81.5,81.5,1.0,1.0
2025-04-01,Q1,1,1,20.25,20.25,1.0,1.0
