date,line,gal_ord,gal_ship,fill_rate,inv_gal_start,backlog_gal_start,weekday,month
2025-01-01,G2,137.0,0.0,0.0,0.0,0.0,2,1
2025-01-02,G2,56.0,12045.0,215.08928571428572,138596.80823683532,137.0,3,1
2025-01-03,G2,186.0,299.0,1.60752688172043,168075.47028163087,0.0,4,1
2025-01-04,G2,117.0,0.0,0.0,262195.32802720123,0.0,5,1
2025-01-05,G2,0.0,0.0,,396052.9954072744,117.0,6,1
2025-01-06,G2,119.0,0.0,0.0,519938.2786230815,117.0,0,1
2025-01-07,G2,93.0,0.0,0.0,664416.3349722214,236.0,1,1
2025-01-08,G2,108.0,0.0,0.0,778902.9959068644,329.0,2,1
2025-01-09,G2,88.0,0.0,0.0,916849.949590262,437.0,3,1
2025-01-10,G2,348.0,0.0,0.0,1039000.2765500945,525.0,4,1
2025-01-11,G2,69.0,0.0,0.0,1173896.8184311367,873.0,5,1
2025-01-12,G2,23.0,0.0,0.0,1293457.0159714476,942.0,6,1
2025-01-13,G2,65.0,0.0,0.0,1428029.6324893462,965.0,0,1
2025-01-14,G2,292.0,0.0,0.0,1581135.47554501,1030.0,1,1
2025-01-15,G2,36.0,0.0,0.0,1718100.896023469,1322.0,2,1
2025-01-16,G2,145.0,0.0,0.0,1770342.415815521,1358.0,3,1
2025-01-17,G2,0.0,0.0,,1883131.2841651465,1503.0,4,1
2025-01-18,G2,0.0,0.0,,1934784.4894149015,1503.0,5,1
2025-01-19,G2,83.0,0.0,0.0,2050505.8593938434,1503.0,6,1
2025-01-20,G2,160.0,0.0,0.0,2182495.7656223755,1586.0,0,1
2025-01-21,G2,246.0,0.0,0.0,2337956.7497322643,1746.0,1,1
2025-01-22,G2,203.0,0.0,0.0,2389211.2894802815,1992.0,2,1
2025-01-23,G2,546.0,0.0,0.0,2496697.3134355713,2195.0,3,1
2025-01-24,G2,122.0,0.0,0.0,2541029.629592064,2741.0,4,1
2025-01-25,G2,80.0,0.0,0.0,2579068.616110262,2863.0,5,1
2025-01-26,G2,239.0,0.0,0.0,2716430.667631138,2943.0,6,1
2025-01-27,G2,107.0,0.0,0.0,2864616.147627946,3182.0,0,1
2025-01-28,G2,29.0,0.0,0.0,2914386.523364892,3289.0,1,1
2025-01-29,G2,76.0,0.0,0.0,3004178.642981531,3318.0,2,1
2025-01-30,G2,115.0,0.0,0.0,3088555.902234552,3394.0,3,1
2025-01-31,G2,203.0,0.0,0.0,3135865.633405453,3509.0,4,1
2025-02-01,G2,0.0,0.0,,3223280.3809704185,3712.0,5,2
2025-02-02,G2,0.0,0.0,,3336516.6074189376,3712.0,6,2
2025-02-03,G2,284.0,0.0,0.0,3375460.0325227636,3712.0,0,2
2025-02-04,G2,314.0,0.0,0.0,3456453.3688818538,3996.0,1,2
2025-02-05,G2,147.0,0.0,0.0,3504669.60649006,4310.0,2,2
2025-02-06,G2,115.0,0.0,0.0,3600687.6606804146,4457.0,3,2
2025-02-07,G2,145.0,0.0,0.0,3697046.5495041213,4572.0,4,2
2025-02-08,G2,372.0,0.0,0.0,3736240.282026225,4717.0,5,2
2025-02-09,G2,24.0,0.0,0.0,3850982.566555964,5089.0,6,2
2025-02-10,G2,473.0,0.0,0.0,3956383.1126700956,5113.0,0,2
2025-02-11,G2,147.0,0.0,0.0,4081255.7909379248,5586.0,1,2
2025-02-12,G2,85.0,0.0,0.0,4192945.0429286533,5733.0,2,2
2025-02-13,G2,124.0,0.0,0.0,4224230.133304442,5818.0,3,2
2025-02-14,G2,123.0,0.0,0.0,4368882.011692821,5942.0,4,2
2025-02-15,G2,0.0,0.0,,4507997.530247992,6065.0,5,2
2025-02-16,G2,33.0,0.0,0.0,4692377.667454044,6065.0,6,2
2025-02-17,G2,148.0,0.0,0.0,4791699.465314768,6098.0,0,2
2025-02-18,G2,0.0,0.0,,4834227.715980172,6246.0,1,2
2025-02-19,G2,60.0,0.0,0.0,4979913.890880589,6246.0,2,2
2025-02-20,G2,86.0,0.0,0.0,5105565.668110492,6306.0,3,2
2025-02-21,G2,55.0,0.0,0.0,5200459.893877337,6392.0,4,2
2025-02-22,G2,171.0,0.0,0.0,5320771.778867774,6447.0,5,2
2025-02-23,G2,127.0,0.0,0.0,5460057.625989534,6618.0,6,2
2025-02-24,G2,155.0,0.0,0.0,5583863.7048941925,6745.0,0,2
2025-02-25,G2,399.0,0.0,0.0,5628238.273300131,6900.0,1,2
2025-02-26,G2,37.0,0.0,0.0,5756923.803009361,7299.0,2,2
2025-02-27,G2,88.0,0.0,0.0,5878435.948102523,7336.0,3,2
2025-02-28,G2,203.0,0.0,0.0,5941671.24830872,7424.0,4,2
2025-03-01,G2,69.0,0.0,0.0,6059238.473235264,7627.0,5,3
2025-03-02,G2,45.0,0.0,0.0,6172979.592427379,7696.0,6,3
2025-03-03,G2,0.0,0.0,,6300907.296761291,7741.0,0,3
2025-03-04,G2,221.0,0.0,0.0,6414482.49075882,7741.0,1,3
2025-03-05,G2,359.0,0.0,0.0,6494896.17867298,7962.0,2,3
2025-03-06,G2,216.0,0.0,0.0,6540663.066112264,8321.0,3,3
2025-03-07,G2,182.0,0.0,0.0,6689628.149498501,8537.0,4,3
2025-03-08,G2,51.0,0.0,0.0,6727861.575798446,8719.0,5,3
2025-03-09,G2,403.0,0.0,0.0,6783719.333460207,8770.0,6,3
2025-03-10,G2,283.0,0.0,0.0,6880223.186674715,9173.0,0,3
2025-03-11,G2,30.0,0.0,0.0,6920096.982774633,9456.0,1,3
2025-03-12,G2,212.0,0.0,0.0,6951584.820579966,9486.0,2,3
2025-03-13,G2,50.0,0.0,0.0,7080196.56637427,9698.0,3,3
2025-03-14,G2,29.0,0.0,0.0,7213252.997419421,9748.0,4,3
2025-03-15,G2,16.0,0.0,0.0,7322540.541932035,9777.0,5,3
2025-03-16,G2,176.0,0.0,0.0,7420764.930741404,9793.0,6,3
2025-03-17,G2,193.0,0.0,0.0,7543984.480645337,9969.0,0,3
2025-03-18,G2,36.0,0.0,0.0,7689012.691143665,10162.0,1,3
2025-03-19,G2,0.0,0.0,,7803327.75292039,10198.0,2,3
2025-03-20,G2,312.0,0.0,0.0,7930495.757307283,10198.0,3,3
2025-03-21,G2,169.0,0.0,0.0,8043574.87878788,10510.0,4,3
2025-03-22,G2,157.0,0.0,0.0,8147882.855481237,10679.0,5,3
2025-03-23,G2,0.0,0.0,,8269486.656427936,10836.0,6,3
2025-03-24,G2,26.0,0.0,0.0,8442958.62306106,10836.0,0,3
2025-03-25,G2,161.0,0.0,0.0,8487355.965856178,10862.0,1,3
2025-03-26,G2,303.0,0.0,0.0,8606881.663464502,11023.0,2,3
2025-03-27,G2,18.0,0.0,0.0,8696981.250141028,11326.0,3,3
2025-03-28,G2,208.0,0.0,0.0,8803267.571942432,11344.0,4,3
2025-03-29,G2,114.0,0.0,0.0,8845282.914613714,11552.0,5,3
2025-03-30,G2,198.0,0.0,0.0,8954276.879081782,11666.0,6,3
2025-03-31,G2,79.0,0.0,0.0,9056267.52256832,11864.0,0,3
2025-04-01,G2,22.0,0.0,0.0,9178040.651264427,11943.0,1,4
2025-01-01,P3,80.0,0.0,0.0,0.0,0.0,2,1
2025-01-02,P3,270.0,13140.0,48.666666666666664,370130.719739555,80.0,3,1
2025-01-03,P3,15.0,105.0,7.0,618192.3540557846,0.0,4,1
2025-01-04,P3,35.0,0.0,0.0,923488.5845152915,0.0,5,1
2025-01-05,P3,95.0,0.0,0.0,1242633.872032304,35.0,6,1
2025-01-06,P3,80.0,0.0,0.0,1698800.640304788,130.0,0,1
2025-01-07,P3,230.0,0.0,0.0,2058974.923087565,210.0,1,1
2025-01-08,P3,150.0,0.0,0.0,2445850.2289359714,440.0,2,1
2025-01-09,P3,315.0,0.0,0.0,2783284.6027590027,590.0,3,1
2025-01-10,P3,220.0,0.0,0.0,3057620.630109124,905.0,4,1
2025-01-11,P3,245.0,0.0,0.0,3175448.9198687025,1125.0,5,1
2025-01-12,P3,295.0,0.0,0.0,3397057.4452275066,1370.0,6,1
2025-01-13,P3,85.0,0.0,0.0,3722707.629929862,1665.0,0,1
2025-01-14,P3,180.0,0.0,0.0,4060008.6059424356,1750.0,1,1
2025-01-15,P3,55.0,0.0,0.0,4192894.2615905767,1930.0,2,1
2025-01-16,P3,80.0,0.0,0.0,4498176.739490528,1985.0,3,1
2025-01-17,P3,45.0,0.0,0.0,4874944.88170002,2065.0,4,1
2025-01-18,P3,120.0,0.0,0.0,4994099.078306208,2110.0,5,1
2025-01-19,P3,0.0,0.0,,5093153.371258366,2230.0,6,1
2025-01-20,P3,125.0,0.0,0.0,5388070.979275362,2230.0,0,1
2025-01-21,P3,50.0,0.0,0.0,5774875.584153571,2355.0,1,1
2025-01-22,P3,275.0,0.0,0.0,6130131.369279736,2405.0,2,1
2025-01-23,P3,215.0,0.0,0.0,6398290.249350559,2680.0,3,1
2025-01-24,P3,155.0,0.0,0.0,6766777.415168582,2895.0,4,1
2025-01-25,P3,105.0,0.0,0.0,7056545.398378058,3050.0,5,1
2025-01-26,P3,30.0,0.0,0.0,7426620.331586506,3155.0,6,1
2025-01-27,P3,0.0,0.0,,7829572.200848564,3185.0,0,1
2025-01-28,P3,60.0,0.0,0.0,7920042.959409807,3185.0,1,1
2025-01-29,P3,255.0,0.0,0.0,8284869.646227119,3245.0,2,1
2025-01-30,P3,55.0,0.0,0.0,8506793.963377355,3500.0,3,1
2025-01-31,P3,210.0,0.0,0.0,8604323.56294275,3555.0,4,1
2025-02-01,P3,150.0,0.0,0.0,8852742.53468341,3765.0,5,2
2025-02-02,P3,70.0,0.0,0.0,9059931.59817841,3915.0,6,2
2025-02-03,P3,130.0,0.0,0.0,9157977.463648243,3985.0,0,2
2025-02-04,P3,130.0,0.0,0.0,9466450.482444325,4115.0,1,2
2025-02-05,P3,160.0,0.0,0.0,9639030.27110491,4245.0,2,2
2025-02-06,P3,140.0,0.0,0.0,9893331.722373867,4405.0,3,2
2025-02-07,P3,130.0,0.0,0.0,10150018.596416863,4545.0,4,2
2025-02-08,P3,35.0,0.0,0.0,10253978.023125406,4675.0,5,2
2025-02-09,P3,0.0,0.0,,10392729.180194937,4710.0,6,2
2025-02-10,P3,300.0,0.0,0.0,10781796.562868632,4710.0,0,2
2025-02-11,P3,260.0,0.0,0.0,11084065.33265422,5010.0,1,2
2025-02-12,P3,85.0,0.0,0.0,11397934.208834501,5270.0,2,2
2025-02-13,P3,185.0,0.0,0.0,11785809.34249489,5355.0,3,2
2025-02-14,P3,80.0,0.0,0.0,12090131.776217993,5540.0,4,2
2025-02-15,P3,110.0,0.0,0.0,12383266.129101329,5620.0,5,2
2025-02-16,P3,90.0,0.0,0.0,12490568.603489812,5730.0,6,2
2025-02-17,P3,185.0,0.0,0.0,12948327.817993192,5820.0,0,2
2025-02-18,P3,60.0,0.0,0.0,13333066.937123531,6005.0,1,2
2025-02-19,P3,270.0,0.0,0.0,13744353.373094348,6065.0,2,2
2025-02-20,P3,445.0,0.0,0.0,14077229.476721773,6335.0,3,2
2025-02-21,P3,65.0,0.0,0.0,14362427.58278993,6780.0,4,2
2025-02-22,P3,135.0,0.0,0.0,14770027.324712245,6845.0,5,2
2025-02-23,P3,30.0,0.0,0.0,15123819.376045603,6980.0,6,2
2025-02-24,P3,135.0,0.0,0.0,15286840.831448955,7010.0,0,2
2025-02-25,P3,325.0,0.0,0.0,15591018.579744304,7145.0,1,2
2025-02-26,P3,40.0,0.0,0.0,15887286.192799982,7470.0,2,2
2025-02-27,P3,130.0,0.0,0.0,16183874.525810983,7510.0,3,2
2025-02-28,P3,345.0,0.0,0.0,16466844.61767302,7640.0,4,2
2025-03-01,P3,0.0,0.0,,16851358.76346252,7985.0,5,3
2025-03-02,P3,320.0,0.0,0.0,17232430.600936573,7985.0,6,3
2025-03-03,P3,325.0,0.0,0.0,17520576.19749313,8305.0,0,3
2025-03-04,P3,495.0,0.0,0.0,17674446.898476794,8630.0,1,3
2025-03-05,P3,155.0,0.0,0.0,18019238.461057037,9125.0,2,3
2025-03-06,P3,40.0,0.0,0.0,18368502.69862751,9280.0,3,3
2025-03-07,P3,80.0,0.0,0.0,18731387.42505666,9320.0,4,3
2025-03-08,P3,225.0,0.0,0.0,19111561.57138595,9400.0,5,3
2025-03-09,P3,60.0,0.0,0.0,19279973.411467724,9625.0,6,3
2025-03-10,P3,0.0,0.0,,19436331.108446863,9685.0,0,3
2025-03-11,P3,65.0,0.0,0.0,19735419.880291224,9685.0,1,3
2025-03-12,P3,135.0,0.0,0.0,20081647.259617005,9750.0,2,3
2025-03-13,P3,210.0,0.0,0.0,20398798.156352073,9885.0,3,3
2025-03-14,P3,75.0,0.0,0.0,20730375.768592384,10095.0,4,3
2025-03-15,P3,0.0,0.0,,20841857.42295741,10170.0,5,3
2025-03-16,P3,205.0,0.0,0.0,21142404.329619065,10170.0,6,3
2025-03-17,P3,80.0,0.0,0.0,21574899.172017183,10375.0,0,3
2025-03-18,P3,65.0,0.0,0.0,21684177.278364815,10455.0,1,3
2025-03-19,P3,75.0,0.0,0.0,22149151.852990218,10520.0,2,3
2025-03-20,P3,160.0,0.0,0.0,22282867.73817273,10595.0,3,3
2025-03-21,P3,120.0,0.0,0.0,22538296.299845617,10755.0,4,3
2025-03-22,P3,200.0,0.0,0.0,22686482.679609507,10875.0,5,3
2025-03-23,P3,55.0,0.0,0.0,22846925.107982144,11075.0,6,3
2025-03-24,P3,55.0,0.0,0.0,23116109.451558575,11130.0,0,3
2025-03-25,P3,80.0,0.0,0.0,23213923.748168375,11185.0,1,3
2025-03-26,P3,570.0,0.0,0.0,23534930.33564046,11265.0,2,3
2025-03-27,P3,325.0,0.0,0.0,23875188.80160544,11835.0,3,3
2025-03-28,P3,130.0,0.0,0.0,24093503.001911514,12160.0,4,3
2025-03-29,P3,150.0,0.0,0.0,24513935.51944079,12290.0,5,3
2025-03-30,P3,85.0,0.0,0.0,24839786.6741416,12440.0,6,3
2025-03-31,P3,95.0,0.0,0.0,25138464.63559232,12525.0,0,3
2025-04-01,P3,260.0,0.0,0.0,25424843.736332282,12620.0,1,4
2025-01-01,Q1,214.25,0.0,0.0,0.0,0.0,2,1
2025-01-02,Q1,118.25,6669.0,56.397463002114165,22789.859134203303,214.25,3,1
2025-01-03,Q1,59.25,4799.75,81.0084388185654,61570.5490789747,0.0,4,1
2025-01-04,Q1,262.0,1475.0,5.629770992366412,108570.81797378015,0.0,5,1
2025-01-05,Q1,274.0,145.5,0.531021897810219,159974.98425845866,0.0,6,1
2025-01-06,Q1,402.25,0.0,0.0,207590.82655194475,128.5,0,1
2025-01-07,Q1,0.0,0.0,,225957.9656747396,530.75,1,1
2025-01-08,Q1,58.5,0.0,0.0,273606.72974000813,530.75,2,1
2025-01-09,Q1,414.75,0.0,0.0,332322.41082188213,589.25,3,1
2025-01-10,Q1,145.5,0.0,0.0,348560.9460698277,1004.0,4,1
2025-01-11,Q1,63.0,0.0,0.0,388098.0713388281,1149.5,5,1
2025-01-12,Q1,119.75,0.0,0.0,403873.4613395771,1212.5,6,1
2025-01-13,Q1,66.5,0.0,0.0,422163.0660753315,1332.25,0,1
2025-01-14,Q1,54.5,0.0,0.0,476298.1969883914,1398.75,1,1
2025-01-15,Q1,141.25,0.0,0.0,515329.23896058986,1453.25,2,1
2025-01-16,Q1,256.0,0.0,0.0,558654.5358014093,1594.5,3,1
2025-01-17,Q1,80.75,0.0,0.0,580194.0869506114,1850.5,4,1
2025-01-18,Q1,89.0,0.0,0.0,633216.3499526934,1931.25,5,1
2025-01-19,Q1,54.5,0.0,0.0,690146.8310356325,2020.25,6,1
2025-01-20,Q1,114.25,0.0,0.0,738472.698424653,2074.75,0,1
2025-01-21,Q1,0.0,0.0,,760146.206598158,2189.0,1,1
2025-01-22,Q1,115.0,0.0,0.0,808008.8946643807,2189.0,2,1
2025-01-23,Q1,444.5,0.0,0.0,862449.3597687279,2304.0,3,1
2025-01-24,Q1,109.0,0.0,0.0,907575.0639077007,2748.5,4,1
2025-01-25,Q1,72.5,0.0,0.0,970426.2486449869,2857.5,5,1
2025-01-26,Q1,84.75,0.0,0.0,1031578.2451226142,2930.0,6,1
2025-01-27,Q1,708.0,0.0,0.0,1058805.9950572527,3014.75,0,1
2025-01-28,Q1,273.5,0.0,0.0,1097561.0274468996,3722.75,1,1
2025-01-29,Q1,170.5,0.0,0.0,1142245.1825677163,3996.25,2,1
2025-01-30,Q1,45.25,0.0,0.0,1182350.9948377477,4166.75,3,1
2025-01-31,Q1,0.0,0.0,,1213249.0326433822,4212.0,4,1
2025-02-01,Q1,127.25,0.0,0.0,1255787.6406583765,4212.0,5,2
2025-02-02,Q1,66.5,0.0,0.0,1298191.1356595275,4339.25,6,2
2025-02-03,Q1,31.25,0.0,0.0,1346751.2295815775,4405.75,0,2
2025-02-04,Q1,478.0,0.0,0.0,1385945.213856431,4437.0,1,2
2025-02-05,Q1,330.25,0.0,0.0,1409145.3150185705,4915.0,2,2
2025-02-06,Q1,52.75,0.0,0.0,1447565.4433285582,5245.25,3,2
2025-02-07,Q1,195.5,0.0,0.0,1493526.678345787,5298.0,4,2
2025-02-08,Q1,85.75,0.0,0.0,1539618.3364236718,5493.5,5,2
2025-02-09,Q1,51.5,0.0,0.0,1576577.8997216118,5579.25,6,2
2025-02-10,Q1,78.25,0.0,0.0,1593480.280218662,5630.75,0,2
2025-02-11,Q1,429.75,0.0,0.0,1641022.4784039692,5709.0,1,2
2025-02-12,Q1,59.25,0.0,0.0,1694546.445263407,6138.75,2,2
2025-02-13,Q1,127.25,0.0,0.0,1737455.7168222845,6198.0,3,2
2025-02-14,Q1,39.0,0.0,0.0,1796589.6795564475,6325.25,4,2
2025-02-15,Q1,0.0,0.0,,1843877.2615591905,6364.25,5,2
2025-02-16,Q1,176.0,0.0,0.0,1876479.3594032365,6364.25,6,2
2025-02-17,Q1,430.25,0.0,0.0,1900230.1310924971,6540.25,0,2
2025-02-18,Q1,250.5,0.0,0.0,1940462.7329090612,6970.5,1,2
2025-02-19,Q1,47.0,0.0,0.0,1959835.0307328831,7221.0,2,2
2025-02-20,Q1,49.0,0.0,0.0,2007026.56534114,7268.0,3,2
2025-02-21,Q1,54.0,0.0,0.0,2061311.0690394673,7317.0,4,2
2025-02-22,Q1,366.25,0.0,0.0,2117208.3506508456,7371.0,5,2
2025-02-23,Q1,67.5,0.0,0.0,2169460.072999385,7737.25,6,2
2025-02-24,Q1,89.5,0.0,0.0,2214013.9898632453,7804.75,0,2
2025-02-25,Q1,0.0,0.0,,2247626.4354078164,7894.25,1,2
2025-02-26,Q1,37.5,0.0,0.0,2286470.5797347724,7894.25,2,2
2025-02-27,Q1,108.75,0.0,0.0,2303981.6409919057,7931.75,3,2
2025-02-28,Q1,104.25,0.0,0.0,2343299.5700065126,8040.5,4,2
2025-03-01,Q1,241.25,0.0,0.0,2405118.7277829093,8144.75,5,3
2025-03-02,Q1,141.5,0.0,0.0,2451819.4668314504,8386.0,6,3
2025-03-03,Q1,71.75,0.0,0.0,2472778.4434330286,8527.5,0,3
2025-03-04,Q1,128.75,0.0,0.0,2530214.478864307,8599.25,1,3
2025-03-05,Q1,110.5,0.0,0.0,2573600.7491794247,8728.0,2,3
2025-03-06,Q1,291.0,0.0,0.0,2591555.922506172,8838.5,3,3
2025-03-07,Q1,79.0,0.0,0.0,2610674.9409054867,9129.5,4,3
2025-03-08,Q1,46.0,0.0,0.0,2653572.463153496,9208.5,5,3
2025-03-09,Q1,115.75,0.0,0.0,2712925.248101115,9254.5,6,3
2025-03-10,Q1,201.75,0.0,0.0,2756253.0196759403,9370.25,0,3
2025-03-11,Q1,148.0,0.0,0.0,2816150.4111147774,9572.0,1,3
2025-03-12,Q1,82.75,0.0,0.0,2857332.7680402794,9720.0,2,3
2025-03-13,Q1,216.0,0.0,0.0,2875190.642682226,9802.75,3,3
2025-03-14,Q1,116.75,0.0,0.0,2932904.015900299,10018.75,4,3
2025-03-15,Q1,132.25,0.0,0.0,2985465.964506726,10135.5,5,3
2025-03-16,Q1,177.25,0.0,0.0,3046657.403637998,10267.75,6,3
2025-03-17,Q1,127.0,0.0,0.0,3097198.2413653084,10445.0,0,3
2025-03-18,Q1,185.0,0.0,0.0,3141487.7643213915,10572.0,1,3
2025-03-19,Q1,52.0,0.0,0.0,3192977.2304857615,10757.0,2,3
2025-03-20,Q1,203.25,0.0,0.0,3242837.80869027,10809.0,3,3
2025-03-21,Q1,16.25,0.0,0.0,3303496.755828876,11012.25,4,3
2025-03-22,Q1,210.75,0.0,0.0,3351803.0525614144,11028.5,5,3
2025-03-23,Q1,44.25,0.0,0.0,3371307.458949813,11239.25,6,3
2025-03-24,Q1,262.5,0.0,0.0,3394054.591507257,11283.5,0,3
2025-03-25,Q1,48.75,0.0,0.0,3425973.5510475496,11546.0,1,3
2025-03-26,Q1,177.0,0.0,0.0,3441970.411056013,11594.75,2,3
2025-03-27,Q1,35.25,0.0,0.0,3490823.360589998,11771.75,3,3
2025-03-28,Q1,24.5,0.0,0.0,3534185.2998153195,11807.0,4,3
2025-03-29,Q1,100.0,0.0,0.0,3553294.047591079,11831.5,5,3
2025-03-30,Q1,53.0,0.0,0.0,3568078.813035123,11931.5,6,3
2025-03-31,Q1,202.5,0.0,0.0,3605739.611703974,11984.5,0,3
2025-04-01,Q1,103.0,0.0,0.0,3642531.6916580894,12187.0,1,4
