date,line,weekday,month,gal_ord,gal_avail,inv_gal_start,backlog_gal_start,gal_ship_mech,fill_rate_mech,predicted_fill_rate_model
2025-04-02,G2,2,4,135.6153846153846,113236.22644851918,9178040.651264427,11943.0,135.6153846153846,1.0,1.0
2025-04-02,P3,2,4,177.30769230769232,300546.9066616563,25424843.736332282,12620.0,177.30769230769232,1.0,1.0
2025-04-02,Q1,2,4,122.75,43327.771574824874,3642531.6916580894,12187.0,122.75,1.0,1.0
2025-04-03,G2,3,4,150.69230769230768,113236.22644851918,9291141.26232833,11943.0,150.69230769230768,1.0,1.0
2025-04-03,P3,3,4,197.69230769230768,300546.9066616563,25725213.33530163,12620.0,197.69230769230768,1.0,1.0
2025-04-03,Q1,3,4,181.69230769230768,43327.771574824874,3685736.7132329145,12187.0,181.69230769230768,1.0,1.0
2025-04-04,G2,4,4,151.76923076923077,113236.22644851918,9404226.796469158,11943.0,151.76923076923077,1.0,1.0
2025-04-04,P3,4,4,128.46153846153845,300546.9066616563,26025562.549655594,12620.0,128.46153846153845,1.0,1.0
2025-04-04,Q1,4,4,78.75,43327.771574824874,3728882.792500047,12187.0,78.75,1.0,1.0
2025-04-05,G2,5,4,93.53846153846153,113236.22644851918,9517311.253686907,11943.0,93.53846153846153,1.0,1.0
2025-04-05,P3,5,4,116.15384615384616,300546.9066616563,26325980.99477879,12620.0,116.15384615384616,1.0,1.0
2025-04-05,Q1,5,4,138.15384615384616,43327.771574824874,3772131.814074872,12187.0,138.15384615384616,1.0,1.0
2025-04-06,G2,6,4,103.92307692307692,113236.22644851918,9630453.941673888,11943.0,103.92307692307692,1.0,1.0
2025-04-06,P3,6,4,102.6923076923077,300546.9066616563,26626411.747594293,12620.0,102.6923076923077,1.0,1.0
2025-04-06,Q1,6,4,109.71153846153847,43327.771574824874,3815321.431803543,12187.0,109.71153846153847,1.0,1.0
2025-04-07,G2,0,4,160.92307692307693,113236.22644851918,9743586.245045483,11943.0,160.92307692307693,1.0,1.0
2025-04-07,P3,0,4,122.6923076923077,300546.9066616563,26926855.961948257,12620.0,122.6923076923077,1.0,1.0
2025-04-07,Q1,0,4,214.28846153846155,43327.771574824874,3858539.4918399067,12187.0,214.28846153846155,1.0,1.0
2025-04-08,G2,1,4,153.07692307692307,113236.22644851918,9856661.548417078,11943.0,153.07692307692307,1.0,1.0
2025-04-08,P3,1,4,173.84615384615384,300546.9066616563,27227280.17630222,12620.0,173.84615384615384,1.0,1.0
2025-04-08,Q1,1,4,161.51923076923077,43327.771574824874,3901652.974953193,12187.0,161.51923076923077,1.0,1.0
2025-04-09,G2,2,4,135.6153846153846,113236.22644851918,9969744.697942521,11943.0,135.6153846153846,1.0,1.0
2025-04-09,P3,2,4,177.30769230769232,300546.9066616563,27527653.23681003,12620.0,177.30769230769232,1.0,1.0
2025-04-09,Q1,2,4,122.75,43327.771574824874,3944819.2272972493,12187.0,122.75,1.0,1.0
2025-04-10,G2,3,4,150.69230769230768,113236.22644851918,10082845.309006425,11943.0,150.69230769230768,1.0,1.0
2025-04-10,P3,3,4,197.69230769230768,300546.9066616563,27828022.835779376,12620.0,197.69230769230768,1.0,1.0
2025-04-10,Q1,3,4,181.69230769230768,43327.771574824874,3988024.2488720743,12187.0,181.69230769230768,1.0,1.0
2025-04-11,G2,4,4,151.76923076923077,113236.22644851918,10195930.843147252,11943.0,151.76923076923077,1.0,1.0
2025-04-11,P3,4,4,128.46153846153845,300546.9066616563,28128372.05013334,12620.0,128.46153846153845,1.0,1.0
2025-04-11,Q1,4,4,78.75,43327.771574824874,4031170.328139207,12187.0,78.75,1.0,1.0
2025-04-12,G2,5,4,93.53846153846153,113236.22644851918,10309015.300365001,11943.0,93.53846153846153,1.0,1.0
2025-04-12,P3,5,4,116.15384615384616,300546.9066616563,28428790.495256536,12620.0,116.15384615384616,1.0,1.0
2025-04-12,Q1,5,4,138.15384615384616,43327.771574824874,4074419.349714032,12187.0,138.15384615384616,1.0,1.0
2025-04-13,G2,6,4,103.92307692307692,113236.22644851918,10422157.988351982,11943.0,103.92307692307692,1.0,1.0
2025-04-13,P3,6,4,102.6923076923077,300546.9066616563,28729221.24807204,12620.0,102.6923076923077,1.0,1.0
2025-04-13,Q1,6,4,109.71153846153847,43327.771574824874,4117608.967442703,12187.0,109.71153846153847,1.0,1.0
2025-04-14,G2,0,4,160.92307692307693,113236.22644851918,10535290.291723577,11943.0,160.92307692307693,1.0,1.0
2025-04-14,P3,0,4,122.6923076923077,300546.9066616563,29029665.462426003,12620.0,122.6923076923077,1.0,1.0
2025-04-14,Q1,0,4,214.28846153846155,43327.771574824874,4160827.0274790665,12187.0,214.28846153846155,1.0,1.0
2025-04-15,G2,1,4,153.07692307692307,113236.22644851918,10648365.595095173,11943.0,153.07692307692307,1.0,1.0
2025-04-15,P3,1,4,173.84615384615384,300546.9066616563,29330089.676779967,12620.0,173.84615384615384,1.0,1.0
2025-04-15,Q1,1,4,161.51923076923077,43327.771574824874,4203940.5105923535,12187.0,161.51923076923077,1.0,1.0
2025-04-16,G2,2,4,135.6153846153846,113236.22644851918,10761448.744620616,11943.0,135.6153846153846,1.0,1.0
2025-04-16,P3,2,4,177.30769230769232,300546.9066616563,29630462.737287775,12620.0,177.30769230769232,1.0,1.0
2025-04-16,Q1,2,4,122.75,43327.771574824874,4247106.76293641,12187.0,122.75,1.0,1.0
2025-04-17,G2,3,4,150.69230769230768,113236.22644851918,10874549.355684519,11943.0,150.69230769230768,1.0,1.0
2025-04-17,P3,3,4,197.69230769230768,300546.9066616563,29930832.336257122,12620.0,197.69230769230768,1.0,1.0
2025-04-17,Q1,3,4,181.69230769230768,43327.771574824874,4290311.784511235,12187.0,181.69230769230768,1.0,1.0
2025-04-18,G2,4,4,151.76923076923077,113236.22644851918,10987634.889825346,11943.0,151.76923076923077,1.0,1.0
2025-04-18,P3,4,4,128.46153846153845,300546.9066616563,30231181.550611086,12620.0,128.46153846153845,1.0,1.0
2025-04-18,Q1,4,4,78.75,43327.771574824874,4333457.863778368,12187.0,78.75,1.0,1.0
2025-04-19,G2,5,4,93.53846153846153,113236.22644851918,11100719.347043095,11943.0,93.53846153846153,1.0,1.0
2025-04-19,P3,5,4,116.15384615384616,300546.9066616563,30531599.99573428,12620.0,116.15384615384616,1.0,1.0
2025-04-19,Q1,5,4,138.15384615384616,43327.771574824874,4376706.885353193,12187.0,138.15384615384616,1.0,1.0
2025-04-20,G2,6,4,103.92307692307692,113236.22644851918,11213862.035030076,11943.0,103.92307692307692,1.0,1.0
2025-04-20,P3,6,4,102.6923076923077,300546.9066616563,30832030.748549785,12620.0,102.6923076923077,1.0,1.0
2025-04-20,Q1,6,4,109.71153846153847,43327.771574824874,4419896.503081864,12187.0,109.71153846153847,1.0,1.0
2025-04-21,G2,0,4,160.92307692307693,113236.22644851918,11326994.338401671,11943.0,160.92307692307693,1.0,1.0
2025-04-21,P3,0,4,122.6923076923077,300546.9066616563,31132474.96290375,12620.0,122.6923076923077,1.0,1.0
2025-04-21,Q1,0,4,214.28846153846155,43327.771574824874,4463114.563118227,12187.0,214.28846153846155,1.0,1.0
2025-04-22,G2,1,4,153.07692307692307,113236.22644851918,11440069.641773267,11943.0,153.07692307692307,1.0,1.0
2025-04-22,P3,1,4,173.84615384615384,300546.9066616563,31432899.177257713,12620.0,173.84615384615384,1.0,1.0
2025-04-22,Q1,1,4,161.51923076923077,43327.771574824874,4506228.046231514,12187.0,161.51923076923077,1.0,1.0
2025-04-23,G2,2,4,135.6153846153846,113236.22644851918,11553152.79129871,11943.0,135.6153846153846,1.0,1.0
2025-04-23,P3,2,4,177.30769230769232,300546.9066616563,31733272.23776552,12620.0,177.30769230769232,1.0,1.0
2025-04-23,Q1,2,4,122.75,43327.771574824874,4549394.29857557,12187.0,122.75,1.0,1.0
2025-04-24,G2,3,4,150.69230769230768,113236.22644851918,11666253.402362613,11943.0,150.69230769230768,1.0,1.0
2025-04-24,P3,3,4,197.69230769230768,300546.9066616563,32033641.83673487,12620.0,197.69230769230768,1.0,1.0
2025-04-24,Q1,3,4,181.69230769230768,43327.771574824874,4592599.320150395,12187.0,181.69230769230768,1.0,1.0
2025-04-25,G2,4,4,151.76923076923077,113236.22644851918,11779338.93650344,11943.0,151.76923076923077,1.0,1.0
2025-04-25,P3,4,4,128.46153846153845,300546.9066616563,32333991.051088832,12620.0,128.46153846153845,1.0,1.0
2025-04-25,Q1,4,4,78.75,43327.771574824874,4635745.399417528,12187.0,78.75,1.0,1.0
2025-04-26,G2,5,4,93.53846153846153,113236.22644851918,11892423.39372119,11943.0,93.53846153846153,1.0,1.0
2025-04-26,P3,5,4,116.15384615384616,300546.9066616563,32634409.496212028,12620.0,116.15384615384616,1.0,1.0
2025-04-26,Q1,5,4,138.15384615384616,43327.771574824874,4678994.420992353,12187.0,138.15384615384616,1.0,1.0
2025-04-27,G2,6,4,103.92307692307692,113236.22644851918,12005566.08170817,11943.0,103.92307692307692,1.0,1.0
2025-04-27,P3,6,4,102.6923076923077,300546.9066616563,32934840.24902753,12620.0,102.6923076923077,1.0,1.0
2025-04-27,Q1,6,4,109.71153846153847,43327.771574824874,4722184.038721024,12187.0,109.71153846153847,1.0,1.0
2025-04-28,G2,0,4,160.92307692307693,113236.22644851918,12118698.385079766,11943.0,160.92307692307693,1.0,1.0
2025-04-28,P3,0,4,122.6923076923077,300546.9066616563,33235284.463381495,12620.0,122.6923076923077,1.0,1.0
2025-04-28,Q1,0,4,214.28846153846155,43327.771574824874,4765402.098757387,12187.0,214.28846153846155,1.0,1.0
2025-04-29,G2,1,4,153.07692307692307,113236.22644851918,12231773.68845136,11943.0,153.07692307692307,1.0,1.0
2025-04-29,P3,1,4,173.84615384615384,300546.9066616563,33535708.67773546,12620.0,173.84615384615384,1.0,1.0
2025-04-29,Q1,1,4,161.51923076923077,43327.771574824874,4808515.581870674,12187.0,161.51923076923077,1.0,1.0
2025-04-30,G2,2,4,135.6153846153846,113236.22644851918,12344856.837976804,11943.0,135.6153846153846,1.0,1.0
2025-04-30,P3,2,4,177.30769230769232,300546.9066616563,33836081.73824327,12620.0,177.30769230769232,1.0,1.0
2025-04-30,Q1,2,4,122.75,43327.771574824874,4851681.83421473,12187.0,122.75,1.0,1.0
2025-05-01,G2,3,5,150.69230769230768,113236.22644851918,12457957.449040707,11943.0,150.69230769230768,1.0,1.0
2025-05-01,P3,3,5,197.69230769230768,300546.9066616563,34136451.33721262,12620.0,197.69230769230768,1.0,1.0
2025-05-01,Q1,3,5,181.69230769230768,43327.771574824874,4894886.855789555,12187.0,181.69230769230768,1.0,1.0
2025-05-02,G2,4,5,151.76923076923077,113236.22644851918,12571042.983181534,11943.0,151.76923076923077,1.0,1.0
2025-05-02,P3,4,5,128.46153846153845,300546.9066616563,34436800.551566586,12620.0,128.46153846153845,1.0,1.0
2025-05-02,Q1,4,5,78.75,43327.771574824874,4938032.935056688,12187.0,78.75,1.0,1.0
2025-05-03,G2,5,5,93.53846153846153,113236.22644851918,12684127.440399284,11943.0,93.53846153846153,1.0,1.0
2025-05-03,P3,5,5,116.15384615384616,300546.9066616563,34737218.99668978,12620.0,116.15384615384616,1.0,1.0
2025-05-03,Q1,5,5,138.15384615384616,43327.771574824874,4981281.956631513,12187.0,138.15384615384616,1.0,1.0
2025-05-04,G2,6,5,103.92307692307692,113236.22644851918,12797270.128386265,11943.0,103.92307692307692,1.0,1.0
2025-05-04,P3,6,5,102.6923076923077,300546.9066616563,35037649.74950529,12620.0,102.6923076923077,1.0,1.0
2025-05-04,Q1,6,5,109.71153846153847,43327.771574824874,5024471.574360184,12187.0,109.71153846153847,1.0,1.0
2025-05-05,G2,0,5,160.92307692307693,113236.22644851918,12910402.43175786,11943.0,160.92307692307693,1.0,1.0
2025-05-05,P3,0,5,122.6923076923077,300546.9066616563,35338093.96385925,12620.0,122.6923076923077,1.0,1.0
2025-05-05,Q1,0,5,214.28846153846155,43327.771574824874,5067689.634396547,12187.0,214.28846153846155,1.0,1.0
2025-05-06,G2,1,5,153.07692307692307,113236.22644851918,13023477.735129455,11943.0,153.07692307692307,1.0,1.0
2025-05-06,P3,1,5,173.84615384615384,300546.9066616563,35638518.17821322,12620.0,173.84615384615384,1.0,1.0
2025-05-06,Q1,1,5,161.51923076923077,43327.771574824874,5110803.1175098345,12187.0,161.51923076923077,1.0,1.0
2025-05-07,G2,2,5,135.6153846153846,113236.22644851918,13136560.884654898,11943.0,135.6153846153846,1.0,1.0
2025-05-07,P3,2,5,177.30769230769232,300546.9066616563,35938891.23872103,12620.0,177.30769230769232,1.0,1.0
2025-05-07,Q1,2,5,122.75,43327.771574824874,5153969.3698538905,12187.0,122.75,1.0,1.0
2025-05-08,G2,3,5,150.69230769230768,113236.22644851918,13249661.495718801,11943.0,150.69230769230768,1.0,1.0
2025-05-08,P3,3,5,197.69230769230768,300546.9066616563,36239260.83769038,12620.0,197.69230769230768,1.0,1.0
2025-05-08,Q1,3,5,181.69230769230768,43327.771574824874,5197174.391428716,12187.0,181.69230769230768,1.0,1.0
2025-05-09,G2,4,5,151.76923076923077,113236.22644851918,13362747.029859629,11943.0,151.76923076923077,1.0,1.0
2025-05-09,P3,4,5,128.46153846153845,300546.9066616563,36539610.05204435,12620.0,128.46153846153845,1.0,1.0
2025-05-09,Q1,4,5,78.75,43327.771574824874,5240320.470695849,12187.0,78.75,1.0,1.0
2025-05-10,G2,5,5,93.53846153846153,113236.22644851918,13475831.487077378,11943.0,93.53846153846153,1.0,1.0
2025-05-10,P3,5,5,116.15384615384616,300546.9066616563,36840028.49716754,12620.0,116.15384615384616,1.0,1.0
2025-05-10,Q1,5,5,138.15384615384616,43327.771574824874,5283569.492270674,12187.0,138.15384615384616,1.0,1.0
2025-05-11,G2,6,5,103.92307692307692,113236.22644851918,13588974.175064359,11943.0,103.92307692307692,1.0,1.0
2025-05-11,P3,6,5,102.6923076923077,300546.9066616563,37140459.24998305,12620.0,102.6923076923077,1.0,1.0
2025-05-11,Q1,6,5,109.71153846153847,43327.771574824874,5326759.109999345,12187.0,109.71153846153847,1.0,1.0
2025-05-12,G2,0,5,160.92307692307693,113236.22644851918,13702106.478435954,11943.0,160.92307692307693,1.0,1.0
2025-05-12,P3,0,5,122.6923076923077,300546.9066616563,37440903.46433701,12620.0,122.6923076923077,1.0,1.0
2025-05-12,Q1,0,5,214.28846153846155,43327.771574824874,5369977.170035708,12187.0,214.28846153846155,1.0,1.0
2025-05-13,G2,1,5,153.07692307692307,113236.22644851918,13815181.78180755,11943.0,153.07692307692307,1.0,1.0
2025-05-13,P3,1,5,173.84615384615384,300546.9066616563,37741327.67869098,12620.0,173.84615384615384,1.0,1.0
2025-05-13,Q1,1,5,161.51923076923077,43327.771574824874,5413090.653148995,12187.0,161.51923076923077,1.0,1.0
2025-05-14,G2,2,5,135.6153846153846,113236.22644851918,13928264.931332992,11943.0,135.6153846153846,1.0,1.0
2025-05-14,P3,2,5,177.30769230769232,300546.9066616563,38041700.73919879,12620.0,177.30769230769232,1.0,1.0
2025-05-14,Q1,2,5,122.75,43327.771574824874,5456256.905493051,12187.0,122.75,1.0,1.0
2025-05-15,G2,3,5,150.69230769230768,113236.22644851918,14041365.542396896,11943.0,150.69230769230768,1.0,1.0
2025-05-15,P3,3,5,197.69230769230768,300546.9066616563,38342070.338168144,12620.0,197.69230769230768,1.0,1.0
2025-05-15,Q1,3,5,181.69230769230768,43327.771574824874,5499461.927067876,12187.0,181.69230769230768,1.0,1.0
2025-05-16,G2,4,5,151.76923076923077,113236.22644851918,14154451.076537723,11943.0,151.76923076923077,1.0,1.0
2025-05-16,P3,4,5,128.46153846153845,300546.9066616563,38642419.55252211,12620.0,128.46153846153845,1.0,1.0
2025-05-16,Q1,4,5,78.75,43327.771574824874,5542608.006335009,12187.0,78.75,1.0,1.0
2025-05-17,G2,5,5,93.53846153846153,113236.22644851918,14267535.533755472,11943.0,93.53846153846153,1.0,1.0
2025-05-17,P3,5,5,116.15384615384616,300546.9066616563,38942837.9976453,12620.0,116.15384615384616,1.0,1.0
2025-05-17,Q1,5,5,138.15384615384616,43327.771574824874,5585857.027909834,12187.0,138.15384615384616,1.0,1.0
2025-05-18,G2,6,5,103.92307692307692,113236.22644851918,14380678.221742453,11943.0,103.92307692307692,1.0,1.0
2025-05-18,P3,6,5,102.6923076923077,300546.9066616563,39243268.75046081,12620.0,102.6923076923077,1.0,1.0
2025-05-18,Q1,6,5,109.71153846153847,43327.771574824874,5629046.645638505,12187.0,109.71153846153847,1.0,1.0
2025-05-19,G2,0,5,160.92307692307693,113236.22644851918,14493810.525114048,11943.0,160.92307692307693,1.0,1.0
2025-05-19,P3,0,5,122.6923076923077,300546.9066616563,39543712.964814775,12620.0,122.6923076923077,1.0,1.0
2025-05-19,Q1,0,5,214.28846153846155,43327.771574824874,5672264.705674868,12187.0,214.28846153846155,1.0,1.0
2025-05-20,G2,1,5,153.07692307692307,113236.22644851918,14606885.828485643,11943.0,153.07692307692307,1.0,1.0
2025-05-20,P3,1,5,173.84615384615384,300546.9066616563,39844137.17916874,12620.0,173.84615384615384,1.0,1.0
2025-05-20,Q1,1,5,161.51923076923077,43327.771574824874,5715378.188788155,12187.0,161.51923076923077,1.0,1.0
2025-05-21,G2,2,5,135.6153846153846,113236.22644851918,14719968.978011087,11943.0,135.6153846153846,1.0,1.0
2025-05-21,P3,2,5,177.30769230769232,300546.9066616563,40144510.23967655,12620.0,177.30769230769232,1.0,1.0
2025-05-21,Q1,2,5,122.75,43327.771574824874,5758544.441132211,12187.0,122.75,1.0,1.0
2025-05-22,G2,3,5,150.69230769230768,113236.22644851918,14833069.58907499,11943.0,150.69230769230768,1.0,1.0
2025-05-22,P3,3,5,197.69230769230768,300546.9066616563,40444879.838645905,12620.0,197.69230769230768,1.0,1.0
2025-05-22,Q1,3,5,181.69230769230768,43327.771574824874,5801749.462707036,12187.0,181.69230769230768,1.0,1.0
2025-05-23,G2,4,5,151.76923076923077,113236.22644851918,14946155.123215817,11943.0,151.76923076923077,1.0,1.0
2025-05-23,P3,4,5,128.46153846153845,300546.9066616563,40745229.05299987,12620.0,128.46153846153845,1.0,1.0
2025-05-23,Q1,4,5,78.75,43327.771574824874,5844895.541974169,12187.0,78.75,1.0,1.0
2025-05-24,G2,5,5,93.53846153846153,113236.22644851918,15059239.580433566,11943.0,93.53846153846153,1.0,1.0
2025-05-24,P3,5,5,116.15384615384616,300546.9066616563,41045647.498123065,12620.0,116.15384615384616,1.0,1.0
2025-05-24,Q1,5,5,138.15384615384616,43327.771574824874,5888144.563548994,12187.0,138.15384615384616,1.0,1.0
2025-05-25,G2,6,5,103.92307692307692,113236.22644851918,15172382.268420547,11943.0,103.92307692307692,1.0,1.0
2025-05-25,P3,6,5,102.6923076923077,300546.9066616563,41346078.25093857,12620.0,102.6923076923077,1.0,1.0
2025-05-25,Q1,6,5,109.71153846153847,43327.771574824874,5931334.181277665,12187.0,109.71153846153847,1.0,1.0
2025-05-26,G2,0,5,160.92307692307693,113236.22644851918,15285514.571792142,11943.0,160.92307692307693,1.0,1.0
2025-05-26,P3,0,5,122.6923076923077,300546.9066616563,41646522.465292536,12620.0,122.6923076923077,1.0,1.0
2025-05-26,Q1,0,5,214.28846153846155,43327.771574824874,5974552.241314028,12187.0,214.28846153846155,1.0,1.0
2025-05-27,G2,1,5,153.07692307692307,113236.22644851918,15398589.875163738,11943.0,153.07692307692307,1.0,1.0
2025-05-27,P3,1,5,173.84615384615384,300546.9066616563,41946946.6796465,12620.0,173.84615384615384,1.0,1.0
2025-05-27,Q1,1,5,161.51923076923077,43327.771574824874,6017665.724427315,12187.0,161.51923076923077,1.0,1.0
2025-05-28,G2,2,5,135.6153846153846,113236.22644851918,15511673.02468918,11943.0,135.6153846153846,1.0,1.0
2025-05-28,P3,2,5,177.30769230769232,300546.9066616563,42247319.74015431,12620.0,177.30769230769232,1.0,1.0
2025-05-28,Q1,2,5,122.75,43327.771574824874,6060831.976771371,12187.0,122.75,1.0,1.0
2025-05-29,G2,3,5,150.69230769230768,113236.22644851918,15624773.635753084,11943.0,150.69230769230768,1.0,1.0
2025-05-29,P3,3,5,197.69230769230768,300546.9066616563,42547689.33912367,12620.0,197.69230769230768,1.0,1.0
2025-05-29,Q1,3,5,181.69230769230768,43327.771574824874,6104036.9983461965,12187.0,181.69230769230768,1.0,1.0
2025-05-30,G2,4,5,151.76923076923077,113236.22644851918,15737859.169893911,11943.0,151.76923076923077,1.0,1.0
2025-05-30,P3,4,5,128.46153846153845,300546.9066616563,42848038.55347763,12620.0,128.46153846153845,1.0,1.0
2025-05-30,Q1,4,5,78.75,43327.771574824874,6147183.0776133295,12187.0,78.75,1.0,1.0
2025-05-31,G2,5,5,93.53846153846153,113236.22644851918,15850943.62711166,11943.0,93.53846153846153,1.0,1.0
2025-05-31,P3,5,5,116.15384615384616,300546.9066616563,43148456.998600826,12620.0,116.15384615384616,1.0,1.0
2025-05-31,Q1,5,5,138.15384615384616,43327.771574824874,6190432.099188155,12187.0,138.15384615384616,1.0,1.0
2025-06-01,G2,6,6,103.92307692307692,113236.22644851918,15964086.315098641,11943.0,103.92307692307692,1.0,1.0
2025-06-01,P3,6,6,102.6923076923077,300546.9066616563,43448887.75141633,12620.0,102.6923076923077,1.0,1.0
2025-06-01,Q1,6,6,109.71153846153847,43327.771574824874,6233621.716916826,12187.0,109.71153846153847,1.0,1.0
2025-06-02,G2,0,6,160.92307692307693,113236.22644851918,16077218.618470237,11943.0,160.92307692307693,1.0,1.0
2025-06-02,P3,0,6,122.6923076923077,300546.9066616563,43749331.9657703,12620.0,122.6923076923077,1.0,1.0
2025-06-02,Q1,0,6,214.28846153846155,43327.771574824874,6276839.776953189,12187.0,214.28846153846155,1.0,1.0
2025-06-03,G2,1,6,153.07692307692307,113236.22644851918,16190293.921841832,11943.0,153.07692307692307,1.0,1.0
2025-06-03,P3,1,6,173.84615384615384,300546.9066616563,44049756.18012426,12620.0,173.84615384615384,1.0,1.0
2025-06-03,Q1,1,6,161.51923076923077,43327.771574824874,6319953.260066476,12187.0,161.51923076923077,1.0,1.0
2025-06-04,G2,2,6,135.6153846153846,113236.22644851918,16303377.071367275,11943.0,135.6153846153846,1.0,1.0
2025-06-04,P3,2,6,177.30769230769232,300546.9066616563,44350129.24063207,12620.0,177.30769230769232,1.0,1.0
2025-06-04,Q1,2,6,122.75,43327.771574824874,6363119.512410532,12187.0,122.75,1.0,1.0
2025-06-05,G2,3,6,150.69230769230768,113236.22644851918,16416477.682431178,11943.0,150.69230769230768,1.0,1.0
2025-06-05,P3,3,6,197.69230769230768,300546.9066616563,44650498.83960143,12620.0,197.69230769230768,1.0,1.0
2025-06-05,Q1,3,6,181.69230769230768,43327.771574824874,6406324.533985357,12187.0,181.69230769230768,1.0,1.0
2025-06-06,G2,4,6,151.76923076923077,113236.22644851918,16529563.216572005,11943.0,151.76923076923077,1.0,1.0
2025-06-06,P3,4,6,128.46153846153845,300546.9066616563,44950848.05395539,12620.0,128.46153846153845,1.0,1.0
2025-06-06,Q1,4,6,78.75,43327.771574824874,6449470.61325249,12187.0,78.75,1.0,1.0
2025-06-07,G2,5,6,93.53846153846153,113236.22644851918,16642647.673789755,11943.0,93.53846153846153,1.0,1.0
2025-06-07,P3,5,6,116.15384615384616,300546.9066616563,45251266.49907859,12620.0,116.15384615384616,1.0,1.0
2025-06-07,Q1,5,6,138.15384615384616,43327.771574824874,6492719.634827315,12187.0,138.15384615384616,1.0,1.0
2025-06-08,G2,6,6,103.92307692307692,113236.22644851918,16755790.361776736,11943.0,103.92307692307692,1.0,1.0
2025-06-08,P3,6,6,102.6923076923077,300546.9066616563,45551697.251894094,12620.0,102.6923076923077,1.0,1.0
2025-06-08,Q1,6,6,109.71153846153847,43327.771574824874,6535909.252555986,12187.0,109.71153846153847,1.0,1.0
2025-06-09,G2,0,6,160.92307692307693,113236.22644851918,16868922.665148333,11943.0,160.92307692307693,1.0,1.0
2025-06-09,P3,0,6,122.6923076923077,300546.9066616563,45852141.46624806,12620.0,122.6923076923077,1.0,1.0
2025-06-09,Q1,0,6,214.28846153846155,43327.771574824874,6579127.312592349,12187.0,214.28846153846155,1.0,1.0
2025-06-10,G2,1,6,153.07692307692307,113236.22644851918,16981997.96851993,11943.0,153.07692307692307,1.0,1.0
2025-06-10,P3,1,6,173.84615384615384,300546.9066616563,46152565.68060202,12620.0,173.84615384615384,1.0,1.0
2025-06-10,Q1,1,6,161.51923076923077,43327.771574824874,6622240.795705636,12187.0,161.51923076923077,1.0,1.0
2025-06-11,G2,2,6,135.6153846153846,113236.22644851918,17095081.118045375,11943.0,135.6153846153846,1.0,1.0
2025-06-11,P3,2,6,177.30769230769232,300546.9066616563,46452938.74110983,12620.0,177.30769230769232,1.0,1.0
2025-06-11,Q1,2,6,122.75,43327.771574824874,6665407.048049692,12187.0,122.75,1.0,1.0
2025-06-12,G2,3,6,150.69230769230768,113236.22644851918,17208181.72910928,11943.0,150.69230769230768,1.0,1.0
2025-06-12,P3,3,6,197.69230769230768,300546.9066616563,46753308.34007919,12620.0,197.69230769230768,1.0,1.0
2025-06-12,Q1,3,6,181.69230769230768,43327.771574824874,6708612.069624517,12187.0,181.69230769230768,1.0,1.0
2025-06-13,G2,4,6,151.76923076923077,113236.22644851918,17321267.26325011,11943.0,151.76923076923077,1.0,1.0
2025-06-13,P3,4,6,128.46153846153845,300546.9066616563,47053657.55443315,12620.0,128.46153846153845,1.0,1.0
2025-06-13,Q1,4,6,78.75,43327.771574824874,6751758.14889165,12187.0,78.75,1.0,1.0
2025-06-14,G2,5,6,93.53846153846153,113236.22644851918,17434351.72046786,11943.0,93.53846153846153,1.0,1.0
2025-06-14,P3,5,6,116.15384615384616,300546.9066616563,47354075.99955635,12620.0,116.15384615384616,1.0,1.0
2025-06-14,Q1,5,6,138.15384615384616,43327.771574824874,6795007.170466475,12187.0,138.15384615384616,1.0,1.0
2025-06-15,G2,6,6,103.92307692307692,113236.22644851918,17547494.408454843,11943.0,103.92307692307692,1.0,1.0
2025-06-15,P3,6,6,102.6923076923077,300546.9066616563,47654506.752371855,12620.0,102.6923076923077,1.0,1.0
2025-06-15,Q1,6,6,109.71153846153847,43327.771574824874,6838196.788195146,12187.0,109.71153846153847,1.0,1.0
2025-06-16,G2,0,6,160.92307692307693,113236.22644851918,17660626.71182644,11943.0,160.92307692307693,1.0,1.0
2025-06-16,P3,0,6,122.6923076923077,300546.9066616563,47954950.96672582,12620.0,122.6923076923077,1.0,1.0
2025-06-16,Q1,0,6,214.28846153846155,43327.771574824874,6881414.848231509,12187.0,214.28846153846155,1.0,1.0
2025-06-17,G2,1,6,153.07692307692307,113236.22644851918,17773702.015198037,11943.0,153.07692307692307,1.0,1.0
2025-06-17,P3,1,6,173.84615384615384,300546.9066616563,48255375.18107978,12620.0,173.84615384615384,1.0,1.0
2025-06-17,Q1,1,6,161.51923076923077,43327.771574824874,6924528.331344796,12187.0,161.51923076923077,1.0,1.0
2025-06-18,G2,2,6,135.6153846153846,113236.22644851918,17886785.164723482,11943.0,135.6153846153846,1.0,1.0
2025-06-18,P3,2,6,177.30769230769232,300546.9066616563,48555748.241587594,12620.0,177.30769230769232,1.0,1.0
2025-06-18,Q1,2,6,122.75,43327.771574824874,6967694.583688852,12187.0,122.75,1.0,1.0
2025-06-19,G2,3,6,150.69230769230768,113236.22644851918,17999885.775787387,11943.0,150.69230769230768,1.0,1.0
2025-06-19,P3,3,6,197.69230769230768,300546.9066616563,48856117.84055695,12620.0,197.69230769230768,1.0,1.0
2025-06-19,Q1,3,6,181.69230769230768,43327.771574824874,7010899.605263677,12187.0,181.69230769230768,1.0,1.0
2025-06-20,G2,4,6,151.76923076923077,113236.22644851918,18112971.309928216,11943.0,151.76923076923077,1.0,1.0
2025-06-20,P3,4,6,128.46153846153845,300546.9066616563,49156467.05491091,12620.0,128.46153846153845,1.0,1.0
2025-06-20,Q1,4,6,78.75,43327.771574824874,7054045.68453081,12187.0,78.75,1.0,1.0
2025-06-21,G2,5,6,93.53846153846153,113236.22644851918,18226055.76714597,11943.0,93.53846153846153,1.0,1.0
2025-06-21,P3,5,6,116.15384615384616,300546.9066616563,49456885.50003411,12620.0,116.15384615384616,1.0,1.0
2025-06-21,Q1,5,6,138.15384615384616,43327.771574824874,7097294.7061056355,12187.0,138.15384615384616,1.0,1.0
2025-06-22,G2,6,6,103.92307692307692,113236.22644851918,18339198.45513295,11943.0,103.92307692307692,1.0,1.0
2025-06-22,P3,6,6,102.6923076923077,300546.9066616563,49757316.252849616,12620.0,102.6923076923077,1.0,1.0
2025-06-22,Q1,6,6,109.71153846153847,43327.771574824874,7140484.323834307,12187.0,109.71153846153847,1.0,1.0
2025-06-23,G2,0,6,160.92307692307693,113236.22644851918,18452330.758504547,11943.0,160.92307692307693,1.0,1.0
2025-06-23,P3,0,6,122.6923076923077,300546.9066616563,50057760.46720358,12620.0,122.6923076923077,1.0,1.0
2025-06-23,Q1,0,6,214.28846153846155,43327.771574824874,7183702.38387067,12187.0,214.28846153846155,1.0,1.0
2025-06-24,G2,1,6,153.07692307692307,113236.22644851918,18565406.061876144,11943.0,153.07692307692307,1.0,1.0
2025-06-24,P3,1,6,173.84615384615384,300546.9066616563,50358184.68155754,12620.0,173.84615384615384,1.0,1.0
2025-06-24,Q1,1,6,161.51923076923077,43327.771574824874,7226815.866983957,12187.0,161.51923076923077,1.0,1.0
2025-06-25,G2,2,6,135.6153846153846,113236.22644851918,18678489.21140159,11943.0,135.6153846153846,1.0,1.0
2025-06-25,P3,2,6,177.30769230769232,300546.9066616563,50658557.742065355,12620.0,177.30769230769232,1.0,1.0
2025-06-25,Q1,2,6,122.75,43327.771574824874,7269982.119328013,12187.0,122.75,1.0,1.0
2025-06-26,G2,3,6,150.69230769230768,113236.22644851918,18791589.822465494,11943.0,150.69230769230768,1.0,1.0
2025-06-26,P3,3,6,197.69230769230768,300546.9066616563,50958927.34103471,12620.0,197.69230769230768,1.0,1.0
2025-06-26,Q1,3,6,181.69230769230768,43327.771574824874,7313187.140902838,12187.0,181.69230769230768,1.0,1.0
2025-06-27,G2,4,6,151.76923076923077,113236.22644851918,18904675.356606323,11943.0,151.76923076923077,1.0,1.0
2025-06-27,P3,4,6,128.46153846153845,300546.9066616563,51259276.555388674,12620.0,128.46153846153845,1.0,1.0
2025-06-27,Q1,4,6,78.75,43327.771574824874,7356333.220169971,12187.0,78.75,1.0,1.0
2025-06-28,G2,5,6,93.53846153846153,113236.22644851918,19017759.813824076,11943.0,93.53846153846153,1.0,1.0
2025-06-28,P3,5,6,116.15384615384616,300546.9066616563,51559695.00051187,12620.0,116.15384615384616,1.0,1.0
2025-06-28,Q1,5,6,138.15384615384616,43327.771574824874,7399582.241744796,12187.0,138.15384615384616,1.0,1.0
2025-06-29,G2,6,6,103.92307692307692,113236.22644851918,19130902.501811057,11943.0,103.92307692307692,1.0,1.0
2025-06-29,P3,6,6,102.6923076923077,300546.9066616563,51860125.75332738,12620.0,102.6923076923077,1.0,1.0
2025-06-29,Q1,6,6,109.71153846153847,43327.771574824874,7442771.859473467,12187.0,109.71153846153847,1.0,1.0
2025-06-30,G2,0,6,160.92307692307693,113236.22644851918,19244034.805182654,11943.0,160.92307692307693,1.0,1.0
2025-06-30,P3,0,6,122.6923076923077,300546.9066616563,52160569.96768134,12620.0,122.6923076923077,1.0,1.0
2025-06-30,Q1,0,6,214.28846153846155,43327.771574824874,7485989.91950983,12187.0,214.28846153846155,1.0,1.0
2025-07-01,G2,1,7,153.07692307692307,113236.22644851918,19357110.10855425,11943.0,153.07692307692307,1.0,1.0
2025-07-01,P3,1,7,173.84615384615384,300546.9066616563,52460994.182035305,12620.0,173.84615384615384,1.0,1.0
2025-07-01,Q1,1,7,161.51923076923077,43327.771574824874,7529103.402623117,12187.0,161.51923076923077,1.0,1.0
2025-07-02,G2,2,7,135.6153846153846,113236.22644851918,19470193.258079696,11943.0,135.6153846153846,1.0,1.0
2025-07-02,P3,2,7,177.30769230769232,300546.9066616563,52761367.242543116,12620.0,177.30769230769232,1.0,1.0
2025-07-02,Q1,2,7,122.75,43327.771574824874,7572269.654967173,12187.0,122.75,1.0,1.0
2025-07-03,G2,3,7,150.69230769230768,113236.22644851918,19583293.8691436,11943.0,150.69230769230768,1.0,1.0
2025-07-03,P3,3,7,197.69230769230768,300546.9066616563,53061736.84151247,12620.0,197.69230769230768,1.0,1.0
2025-07-03,Q1,3,7,181.69230769230768,43327.771574824874,7615474.676541998,12187.0,181.69230769230768,1.0,1.0
2025-07-04,G2,4,7,151.76923076923077,113236.22644851918,19696379.40328443,11943.0,151.76923076923077,1.0,1.0
2025-07-04,P3,4,7,128.46153846153845,300546.9066616563,53362086.055866435,12620.0,128.46153846153845,1.0,1.0
2025-07-04,Q1,4,7,78.75,43327.771574824874,7658620.755809131,12187.0,78.75,1.0,1.0
2025-07-05,G2,5,7,93.53846153846153,113236.22644851918,19809463.860502183,11943.0,93.53846153846153,1.0,1.0
2025-07-05,P3,5,7,116.15384615384616,300546.9066616563,53662504.50098963,12620.0,116.15384615384616,1.0,1.0
2025-07-05,Q1,5,7,138.15384615384616,43327.771574824874,7701869.777383956,12187.0,138.15384615384616,1.0,1.0
2025-07-06,G2,6,7,103.92307692307692,113236.22644851918,19922606.548489165,11943.0,103.92307692307692,1.0,1.0
2025-07-06,P3,6,7,102.6923076923077,300546.9066616563,53962935.25380514,12620.0,102.6923076923077,1.0,1.0
2025-07-06,Q1,6,7,109.71153846153847,43327.771574824874,7745059.395112627,12187.0,109.71153846153847,1.0,1.0
2025-07-07,G2,0,7,160.92307692307693,113236.22644851918,20035738.85186076,11943.0,160.92307692307693,1.0,1.0
2025-07-07,P3,0,7,122.6923076923077,300546.9066616563,54263379.4681591,12620.0,122.6923076923077,1.0,1.0
2025-07-07,Q1,0,7,214.28846153846155,43327.771574824874,7788277.45514899,12187.0,214.28846153846155,1.0,1.0
2025-07-08,G2,1,7,153.07692307692307,113236.22644851918,20148814.15523236,11943.0,153.07692307692307,1.0,1.0
2025-07-08,P3,1,7,173.84615384615384,300546.9066616563,54563803.682513066,12620.0,173.84615384615384,1.0,1.0
2025-07-08,Q1,1,7,161.51923076923077,43327.771574824874,7831390.938262277,12187.0,161.51923076923077,1.0,1.0
2025-07-09,G2,2,7,135.6153846153846,113236.22644851918,20261897.304757804,11943.0,135.6153846153846,1.0,1.0
2025-07-09,P3,2,7,177.30769230769232,300546.9066616563,54864176.74302088,12620.0,177.30769230769232,1.0,1.0
2025-07-09,Q1,2,7,122.75,43327.771574824874,7874557.190606333,12187.0,122.75,1.0,1.0
2025-07-10,G2,3,7,150.69230769230768,113236.22644851918,20374997.91582171,11943.0,150.69230769230768,1.0,1.0
2025-07-10,P3,3,7,197.69230769230768,300546.9066616563,55164546.34199023,12620.0,197.69230769230768,1.0,1.0
2025-07-10,Q1,3,7,181.69230769230768,43327.771574824874,7917762.212181158,12187.0,181.69230769230768,1.0,1.0
2025-07-11,G2,4,7,151.76923076923077,113236.22644851918,20488083.449962538,11943.0,151.76923076923077,1.0,1.0
2025-07-11,P3,4,7,128.46153846153845,300546.9066616563,55464895.556344196,12620.0,128.46153846153845,1.0,1.0
2025-07-11,Q1,4,7,78.75,43327.771574824874,7960908.291448291,12187.0,78.75,1.0,1.0
2025-07-12,G2,5,7,93.53846153846153,113236.22644851918,20601167.90718029,11943.0,93.53846153846153,1.0,1.0
2025-07-12,P3,5,7,116.15384615384616,300546.9066616563,55765314.00146739,12620.0,116.15384615384616,1.0,1.0
2025-07-12,Q1,5,7,138.15384615384616,43327.771574824874,8004157.313023116,12187.0,138.15384615384616,1.0,1.0
2025-07-13,G2,6,7,103.92307692307692,113236.22644851918,20714310.59516727,11943.0,103.92307692307692,1.0,1.0
2025-07-13,P3,6,7,102.6923076923077,300546.9066616563,56065744.7542829,12620.0,102.6923076923077,1.0,1.0
2025-07-13,Q1,6,7,109.71153846153847,43327.771574824874,8047346.9307517875,12187.0,109.71153846153847,1.0,1.0
2025-07-14,G2,0,7,160.92307692307693,113236.22644851918,20827442.89853887,11943.0,160.92307692307693,1.0,1.0
2025-07-14,P3,0,7,122.6923076923077,300546.9066616563,56366188.96863686,12620.0,122.6923076923077,1.0,1.0
2025-07-14,Q1,0,7,214.28846153846155,43327.771574824874,8090564.990788151,12187.0,214.28846153846155,1.0,1.0
2025-07-15,G2,1,7,153.07692307692307,113236.22644851918,20940518.201910466,11943.0,153.07692307692307,1.0,1.0
2025-07-15,P3,1,7,173.84615384615384,300546.9066616563,56666613.18299083,12620.0,173.84615384615384,1.0,1.0
2025-07-15,Q1,1,7,161.51923076923077,43327.771574824874,8133678.473901438,12187.0,161.51923076923077,1.0,1.0
2025-07-16,G2,2,7,135.6153846153846,113236.22644851918,21053601.35143591,11943.0,135.6153846153846,1.0,1.0
2025-07-16,P3,2,7,177.30769230769232,300546.9066616563,56966986.24349864,12620.0,177.30769230769232,1.0,1.0
2025-07-16,Q1,2,7,122.75,43327.771574824874,8176844.726245494,12187.0,122.75,1.0,1.0
2025-07-17,G2,3,7,150.69230769230768,113236.22644851918,21166701.962499816,11943.0,150.69230769230768,1.0,1.0
2025-07-17,P3,3,7,197.69230769230768,300546.9066616563,57267355.84246799,12620.0,197.69230769230768,1.0,1.0
2025-07-17,Q1,3,7,181.69230769230768,43327.771574824874,8220049.747820319,12187.0,181.69230769230768,1.0,1.0
2025-07-18,G2,4,7,151.76923076923077,113236.22644851918,21279787.496640645,11943.0,151.76923076923077,1.0,1.0
2025-07-18,P3,4,7,128.46153846153845,300546.9066616563,57567705.05682196,12620.0,128.46153846153845,1.0,1.0
2025-07-18,Q1,4,7,78.75,43327.771574824874,8263195.827087452,12187.0,78.75,1.0,1.0
2025-07-19,G2,5,7,93.53846153846153,113236.22644851918,21392871.953858398,11943.0,93.53846153846153,1.0,1.0
2025-07-19,P3,5,7,116.15384615384616,300546.9066616563,57868123.50194515,12620.0,116.15384615384616,1.0,1.0
2025-07-19,Q1,5,7,138.15384615384616,43327.771574824874,8306444.848662277,12187.0,138.15384615384616,1.0,1.0
2025-07-20,G2,6,7,103.92307692307692,113236.22644851918,21506014.64184538,11943.0,103.92307692307692,1.0,1.0
2025-07-20,P3,6,7,102.6923076923077,300546.9066616563,58168554.25476066,12620.0,102.6923076923077,1.0,1.0
2025-07-20,Q1,6,7,109.71153846153847,43327.771574824874,8349634.466390948,12187.0,109.71153846153847,1.0,1.0
2025-07-21,G2,0,7,160.92307692307693,113236.22644851918,21619146.945216976,11943.0,160.92307692307693,1.0,1.0
2025-07-21,P3,0,7,122.6923076923077,300546.9066616563,58468998.469114624,12620.0,122.6923076923077,1.0,1.0
2025-07-21,Q1,0,7,214.28846153846155,43327.771574824874,8392852.52642731,12187.0,214.28846153846155,1.0,1.0
2025-07-22,G2,1,7,153.07692307692307,113236.22644851918,21732222.248588573,11943.0,153.07692307692307,1.0,1.0
2025-07-22,P3,1,7,173.84615384615384,300546.9066616563,58769422.68346859,12620.0,173.84615384615384,1.0,1.0
2025-07-22,Q1,1,7,161.51923076923077,43327.771574824874,8435966.009540597,12187.0,161.51923076923077,1.0,1.0
2025-07-23,G2,2,7,135.6153846153846,113236.22644851918,21845305.39811402,11943.0,135.6153846153846,1.0,1.0
2025-07-23,P3,2,7,177.30769230769232,300546.9066616563,59069795.7439764,12620.0,177.30769230769232,1.0,1.0
2025-07-23,Q1,2,7,122.75,43327.771574824874,8479132.261884652,12187.0,122.75,1.0,1.0
2025-07-24,G2,3,7,150.69230769230768,113236.22644851918,21958406.009177923,11943.0,150.69230769230768,1.0,1.0
2025-07-24,P3,3,7,197.69230769230768,300546.9066616563,59370165.342945755,12620.0,197.69230769230768,1.0,1.0
2025-07-24,Q1,3,7,181.69230769230768,43327.771574824874,8522337.283459477,12187.0,181.69230769230768,1.0,1.0
2025-07-25,G2,4,7,151.76923076923077,113236.22644851918,22071491.543318752,11943.0,151.76923076923077,1.0,1.0
2025-07-25,P3,4,7,128.46153846153845,300546.9066616563,59670514.55729972,12620.0,128.46153846153845,1.0,1.0
2025-07-25,Q1,4,7,78.75,43327.771574824874,8565483.36272661,12187.0,78.75,1.0,1.0
2025-07-26,G2,5,7,93.53846153846153,113236.22644851918,22184576.000536505,11943.0,93.53846153846153,1.0,1.0
2025-07-26,P3,5,7,116.15384615384616,300546.9066616563,59970933.002422914,12620.0,116.15384615384616,1.0,1.0
2025-07-26,Q1,5,7,138.15384615384616,43327.771574824874,8608732.384301435,12187.0,138.15384615384616,1.0,1.0
2025-07-27,G2,6,7,103.92307692307692,113236.22644851918,22297718.688523486,11943.0,103.92307692307692,1.0,1.0
2025-07-27,P3,6,7,102.6923076923077,300546.9066616563,60271363.75523842,12620.0,102.6923076923077,1.0,1.0
2025-07-27,Q1,6,7,109.71153846153847,43327.771574824874,8651922.002030106,12187.0,109.71153846153847,1.0,1.0
2025-07-28,G2,0,7,160.92307692307693,113236.22644851918,22410850.991895083,11943.0,160.92307692307693,1.0,1.0
2025-07-28,P3,0,7,122.6923076923077,300546.9066616563,60571807.969592385,12620.0,122.6923076923077,1.0,1.0
2025-07-28,Q1,0,7,214.28846153846155,43327.771574824874,8695140.06206647,12187.0,214.28846153846155,1.0,1.0
2025-07-29,G2,1,7,153.07692307692307,113236.22644851918,22523926.29526668,11943.0,153.07692307692307,1.0,1.0
2025-07-29,P3,1,7,173.84615384615384,300546.9066616563,60872232.18394635,12620.0,173.84615384615384,1.0,1.0
2025-07-29,Q1,1,7,161.51923076923077,43327.771574824874,8738253.545179756,12187.0,161.51923076923077,1.0,1.0
2025-07-30,G2,2,7,135.6153846153846,113236.22644851918,22637009.444792125,11943.0,135.6153846153846,1.0,1.0
2025-07-30,P3,2,7,177.30769230769232,300546.9066616563,61172605.24445416,12620.0,177.30769230769232,1.0,1.0
2025-07-30,Q1,2,7,122.75,43327.771574824874,8781419.797523811,12187.0,122.75,1.0,1.0
2025-07-31,G2,3,7,150.69230769230768,113236.22644851918,22750110.05585603,11943.0,150.69230769230768,1.0,1.0
2025-07-31,P3,3,7,197.69230769230768,300546.9066616563,61472974.843423516,12620.0,197.69230769230768,1.0,1.0
2025-07-31,Q1,3,7,181.69230769230768,43327.771574824874,8824624.819098637,12187.0,181.69230769230768,1.0,1.0
2025-08-01,G2,4,8,151.76923076923077,113236.22644851918,22863195.58999686,11943.0,151.76923076923077,1.0,1.0
2025-08-01,P3,4,8,128.46153846153845,300546.9066616563,61773324.05777748,12620.0,128.46153846153845,1.0,1.0
2025-08-01,Q1,4,8,78.75,43327.771574824874,8867770.89836577,12187.0,78.75,1.0,1.0
2025-08-02,G2,5,8,93.53846153846153,113236.22644851918,22976280.047214612,11943.0,93.53846153846153,1.0,1.0
2025-08-02,P3,5,8,116.15384615384616,300546.9066616563,62073742.502900675,12620.0,116.15384615384616,1.0,1.0
2025-08-02,Q1,5,8,138.15384615384616,43327.771574824874,8911019.919940595,12187.0,138.15384615384616,1.0,1.0
2025-08-03,G2,6,8,103.92307692307692,113236.22644851918,23089422.735201593,11943.0,103.92307692307692,1.0,1.0
2025-08-03,P3,6,8,102.6923076923077,300546.9066616563,62374173.25571618,12620.0,102.6923076923077,1.0,1.0
2025-08-03,Q1,6,8,109.71153846153847,43327.771574824874,8954209.537669266,12187.0,109.71153846153847,1.0,1.0
2025-08-04,G2,0,8,160.92307692307693,113236.22644851918,23202555.03857319,11943.0,160.92307692307693,1.0,1.0
2025-08-04,P3,0,8,122.6923076923077,300546.9066616563,62674617.470070146,12620.0,122.6923076923077,1.0,1.0
2025-08-04,Q1,0,8,214.28846153846155,43327.771574824874,8997427.597705629,12187.0,214.28846153846155,1.0,1.0
2025-08-05,G2,1,8,153.07692307692307,113236.22644851918,23315630.341944788,11943.0,153.07692307692307,1.0,1.0
2025-08-05,P3,1,8,173.84615384615384,300546.9066616563,62975041.68442411,12620.0,173.84615384615384,1.0,1.0
2025-08-05,Q1,1,8,161.51923076923077,43327.771574824874,9040541.080818916,12187.0,161.51923076923077,1.0,1.0
2025-08-06,G2,2,8,135.6153846153846,113236.22644851918,23428713.491470233,11943.0,135.6153846153846,1.0,1.0
2025-08-06,P3,2,8,177.30769230769232,300546.9066616563,63275414.74493192,12620.0,177.30769230769232,1.0,1.0
2025-08-06,Q1,2,8,122.75,43327.771574824874,9083707.33316297,12187.0,122.75,1.0,1.0
2025-08-07,G2,3,8,150.69230769230768,113236.22644851918,23541814.102534138,11943.0,150.69230769230768,1.0,1.0
2025-08-07,P3,3,8,197.69230769230768,300546.9066616563,63575784.34390128,12620.0,197.69230769230768,1.0,1.0
2025-08-07,Q1,3,8,181.69230769230768,43327.771574824874,9126912.354737796,12187.0,181.69230769230768,1.0,1.0
2025-08-08,G2,4,8,151.76923076923077,113236.22644851918,23654899.636674967,11943.0,151.76923076923077,1.0,1.0
2025-08-08,P3,4,8,128.46153846153845,300546.9066616563,63876133.55825524,12620.0,128.46153846153845,1.0,1.0
2025-08-08,Q1,4,8,78.75,43327.771574824874,9170058.434004929,12187.0,78.75,1.0,1.0
2025-08-09,G2,5,8,93.53846153846153,113236.22644851918,23767984.09389272,11943.0,93.53846153846153,1.0,1.0
2025-08-09,P3,5,8,116.15384615384616,300546.9066616563,64176552.003378436,12620.0,116.15384615384616,1.0,1.0
2025-08-09,Q1,5,8,138.15384615384616,43327.771574824874,9213307.455579754,12187.0,138.15384615384616,1.0,1.0
2025-08-10,G2,6,8,103.92307692307692,113236.22644851918,23881126.7818797,11943.0,103.92307692307692,1.0,1.0
2025-08-10,P3,6,8,102.6923076923077,300546.9066616563,64476982.75619394,12620.0,102.6923076923077,1.0,1.0
2025-08-10,Q1,6,8,109.71153846153847,43327.771574824874,9256497.073308425,12187.0,109.71153846153847,1.0,1.0
2025-08-11,G2,0,8,160.92307692307693,113236.22644851918,23994259.085251298,11943.0,160.92307692307693,1.0,1.0
2025-08-11,P3,0,8,122.6923076923077,300546.9066616563,64777426.97054791,12620.0,122.6923076923077,1.0,1.0
2025-08-11,Q1,0,8,214.28846153846155,43327.771574824874,9299715.133344788,12187.0,214.28846153846155,1.0,1.0
2025-08-12,G2,1,8,153.07692307692307,113236.22644851918,24107334.388622895,11943.0,153.07692307692307,1.0,1.0
2025-08-12,P3,1,8,173.84615384615384,300546.9066616563,65077851.18490187,12620.0,173.84615384615384,1.0,1.0
2025-08-12,Q1,1,8,161.51923076923077,43327.771574824874,9342828.616458075,12187.0,161.51923076923077,1.0,1.0
2025-08-13,G2,2,8,135.6153846153846,113236.22644851918,24220417.53814834,11943.0,135.6153846153846,1.0,1.0
2025-08-13,P3,2,8,177.30769230769232,300546.9066616563,65378224.24540968,12620.0,177.30769230769232,1.0,1.0
2025-08-13,Q1,2,8,122.75,43327.771574824874,9385994.86880213,12187.0,122.75,1.0,1.0
2025-08-14,G2,3,8,150.69230769230768,113236.22644851918,24333518.149212245,11943.0,150.69230769230768,1.0,1.0
2025-08-14,P3,3,8,197.69230769230768,300546.9066616563,65678593.84437904,12620.0,197.69230769230768,1.0,1.0
2025-08-14,Q1,3,8,181.69230769230768,43327.771574824874,9429199.890376955,12187.0,181.69230769230768,1.0,1.0
2025-08-15,G2,4,8,151.76923076923077,113236.22644851918,24446603.683353074,11943.0,151.76923076923077,1.0,1.0
2025-08-15,P3,4,8,128.46153846153845,300546.9066616563,65978943.058733,12620.0,128.46153846153845,1.0,1.0
2025-08-15,Q1,4,8,78.75,43327.771574824874,9472345.969644088,12187.0,78.75,1.0,1.0
2025-08-16,G2,5,8,93.53846153846153,113236.22644851918,24559688.140570827,11943.0,93.53846153846153,1.0,1.0
2025-08-16,P3,5,8,116.15384615384616,300546.9066616563,66279361.5038562,12620.0,116.15384615384616,1.0,1.0
2025-08-16,Q1,5,8,138.15384615384616,43327.771574824874,9515594.991218913,12187.0,138.15384615384616,1.0,1.0
2025-08-17,G2,6,8,103.92307692307692,113236.22644851918,24672830.828557808,11943.0,103.92307692307692,1.0,1.0
2025-08-17,P3,6,8,102.6923076923077,300546.9066616563,66579792.256671704,12620.0,102.6923076923077,1.0,1.0
2025-08-17,Q1,6,8,109.71153846153847,43327.771574824874,9558784.608947584,12187.0,109.71153846153847,1.0,1.0
2025-08-18,G2,0,8,160.92307692307693,113236.22644851918,24785963.131929405,11943.0,160.92307692307693,1.0,1.0
2025-08-18,P3,0,8,122.6923076923077,300546.9066616563,66880236.47102567,12620.0,122.6923076923077,1.0,1.0
2025-08-18,Q1,0,8,214.28846153846155,43327.771574824874,9602002.668983947,12187.0,214.28846153846155,1.0,1.0
2025-08-19,G2,1,8,153.07692307692307,113236.22644851918,24899038.435301002,11943.0,153.07692307692307,1.0,1.0
2025-08-19,P3,1,8,173.84615384615384,300546.9066616563,67180660.68537962,12620.0,173.84615384615384,1.0,1.0
2025-08-19,Q1,1,8,161.51923076923077,43327.771574824874,9645116.152097235,12187.0,161.51923076923077,1.0,1.0
2025-08-20,G2,2,8,135.6153846153846,113236.22644851918,25012121.584826447,11943.0,135.6153846153846,1.0,1.0
2025-08-20,P3,2,8,177.30769230769232,300546.9066616563,67481033.74588744,12620.0,177.30769230769232,1.0,1.0
2025-08-20,Q1,2,8,122.75,43327.771574824874,9688282.40444129,12187.0,122.75,1.0,1.0
2025-08-21,G2,3,8,150.69230769230768,113236.22644851918,25125222.195890352,11943.0,150.69230769230768,1.0,1.0
2025-08-21,P3,3,8,197.69230769230768,300546.9066616563,67781403.3448568,12620.0,197.69230769230768,1.0,1.0
2025-08-21,Q1,3,8,181.69230769230768,43327.771574824874,9731487.426016115,12187.0,181.69230769230768,1.0,1.0
2025-08-22,G2,4,8,151.76923076923077,113236.22644851918,25238307.73003118,11943.0,151.76923076923077,1.0,1.0
2025-08-22,P3,4,8,128.46153846153845,300546.9066616563,68081752.55921076,12620.0,128.46153846153845,1.0,1.0
2025-08-22,Q1,4,8,78.75,43327.771574824874,9774633.505283248,12187.0,78.75,1.0,1.0
2025-08-23,G2,5,8,93.53846153846153,113236.22644851918,25351392.187248934,11943.0,93.53846153846153,1.0,1.0
2025-08-23,P3,5,8,116.15384615384616,300546.9066616563,68382171.00433396,12620.0,116.15384615384616,1.0,1.0
2025-08-23,Q1,5,8,138.15384615384616,43327.771574824874,9817882.526858073,12187.0,138.15384615384616,1.0,1.0
2025-08-24,G2,6,8,103.92307692307692,113236.22644851918,25464534.875235915,11943.0,103.92307692307692,1.0,1.0
2025-08-24,P3,6,8,102.6923076923077,300546.9066616563,68682601.75714946,12620.0,102.6923076923077,1.0,1.0
2025-08-24,Q1,6,8,109.71153846153847,43327.771574824874,9861072.144586744,12187.0,109.71153846153847,1.0,1.0
2025-08-25,G2,0,8,160.92307692307693,113236.22644851918,25577667.178607512,11943.0,160.92307692307693,1.0,1.0
2025-08-25,P3,0,8,122.6923076923077,300546.9066616563,68983045.97150342,12620.0,122.6923076923077,1.0,1.0
2025-08-25,Q1,0,8,214.28846153846155,43327.771574824874,9904290.204623107,12187.0,214.28846153846155,1.0,1.0
2025-08-26,G2,1,8,153.07692307692307,113236.22644851918,25690742.48197911,11943.0,153.07692307692307,1.0,1.0
2025-08-26,P3,1,8,173.84615384615384,300546.9066616563,69283470.18585739,12620.0,173.84615384615384,1.0,1.0
2025-08-26,Q1,1,8,161.51923076923077,43327.771574824874,9947403.687736394,12187.0,161.51923076923077,1.0,1.0
2025-08-27,G2,2,8,135.6153846153846,113236.22644851918,25803825.631504554,11943.0,135.6153846153846,1.0,1.0
2025-08-27,P3,2,8,177.30769230769232,300546.9066616563,69583843.2463652,12620.0,177.30769230769232,1.0,1.0
2025-08-27,Q1,2,8,122.75,43327.771574824874,9990569.940080449,12187.0,122.75,1.0,1.0
2025-08-28,G2,3,8,150.69230769230768,113236.22644851918,25916926.24256846,11943.0,150.69230769230768,1.0,1.0
2025-08-28,P3,3,8,197.69230769230768,300546.9066616563,69884212.84533456,12620.0,197.69230769230768,1.0,1.0
2025-08-28,Q1,3,8,181.69230769230768,43327.771574824874,10033774.961655274,12187.0,181.69230769230768,1.0,1.0
2025-08-29,G2,4,8,151.76923076923077,113236.22644851918,26030011.77670929,11943.0,151.76923076923077,1.0,1.0
2025-08-29,P3,4,8,128.46153846153845,300546.9066616563,70184562.05968852,12620.0,128.46153846153845,1.0,1.0
2025-08-29,Q1,4,8,78.75,43327.771574824874,10076921.040922407,12187.0,78.75,1.0,1.0
2025-08-30,G2,5,8,93.53846153846153,113236.22644851918,26143096.23392704,11943.0,93.53846153846153,1.0,1.0
2025-08-30,P3,5,8,116.15384615384616,300546.9066616563,70484980.50481172,12620.0,116.15384615384616,1.0,1.0
2025-08-30,Q1,5,8,138.15384615384616,43327.771574824874,10120170.062497232,12187.0,138.15384615384616,1.0,1.0
2025-08-31,G2,6,8,103.92307692307692,113236.22644851918,26256238.921914022,11943.0,103.92307692307692,1.0,1.0
2025-08-31,P3,6,8,102.6923076923077,300546.9066616563,70785411.25762722,12620.0,102.6923076923077,1.0,1.0
2025-08-31,Q1,6,8,109.71153846153847,43327.771574824874,10163359.680225903,12187.0,109.71153846153847,1.0,1.0
2025-09-01,G2,0,9,160.92307692307693,113236.22644851918,26369371.22528562,11943.0,160.92307692307693,1.0,1.0
2025-09-01,P3,0,9,122.6923076923077,300546.9066616563,71085855.47198118,12620.0,122.6923076923077,1.0,1.0
2025-09-01,Q1,0,9,214.28846153846155,43327.771574824874,10206577.740262266,12187.0,214.28846153846155,1.0,1.0
2025-09-02,G2,1,9,153.07692307692307,113236.22644851918,26482446.528657217,11943.0,153.07692307692307,1.0,1.0
2025-09-02,P3,1,9,173.84615384615384,300546.9066616563,71386279.68633515,12620.0,173.84615384615384,1.0,1.0
2025-09-02,Q1,1,9,161.51923076923077,43327.771574824874,10249691.223375553,12187.0,161.51923076923077,1.0,1.0
2025-09-03,G2,2,9,135.6153846153846,113236.22644851918,26595529.67818266,11943.0,135.6153846153846,1.0,1.0
2025-09-03,P3,2,9,177.30769230769232,300546.9066616563,71686652.74684297,12620.0,177.30769230769232,1.0,1.0
2025-09-03,Q1,2,9,122.75,43327.771574824874,10292857.475719608,12187.0,122.75,1.0,1.0
2025-09-04,G2,3,9,150.69230769230768,113236.22644851918,26708630.289246567,11943.0,150.69230769230768,1.0,1.0
2025-09-04,P3,3,9,197.69230769230768,300546.9066616563,71987022.34581232,12620.0,197.69230769230768,1.0,1.0
2025-09-04,Q1,3,9,181.69230769230768,43327.771574824874,10336062.497294433,12187.0,181.69230769230768,1.0,1.0
2025-09-05,G2,4,9,151.76923076923077,113236.22644851918,26821715.823387396,11943.0,151.76923076923077,1.0,1.0
2025-09-05,P3,4,9,128.46153846153845,300546.9066616563,72287371.56016628,12620.0,128.46153846153845,1.0,1.0
2025-09-05,Q1,4,9,78.75,43327.771574824874,10379208.576561566,12187.0,78.75,1.0,1.0
2025-09-06,G2,5,9,93.53846153846153,113236.22644851918,26934800.28060515,11943.0,93.53846153846153,1.0,1.0
2025-09-06,P3,5,9,116.15384615384616,300546.9066616563,72587790.00528948,12620.0,116.15384615384616,1.0,1.0
2025-09-06,Q1,5,9,138.15384615384616,43327.771574824874,10422457.598136391,12187.0,138.15384615384616,1.0,1.0
2025-09-07,G2,6,9,103.92307692307692,113236.22644851918,27047942.96859213,11943.0,103.92307692307692,1.0,1.0
2025-09-07,P3,6,9,102.6923076923077,300546.9066616563,72888220.75810498,12620.0,102.6923076923077,1.0,1.0
2025-09-07,Q1,6,9,109.71153846153847,43327.771574824874,10465647.215865063,12187.0,109.71153846153847,1.0,1.0
2025-09-08,G2,0,9,160.92307692307693,113236.22644851918,27161075.271963727,11943.0,160.92307692307693,1.0,1.0
2025-09-08,P3,0,9,122.6923076923077,300546.9066616563,73188664.97245894,12620.0,122.6923076923077,1.0,1.0
2025-09-08,Q1,0,9,214.28846153846155,43327.771574824874,10508865.275901426,12187.0,214.28846153846155,1.0,1.0
2025-09-09,G2,1,9,153.07692307692307,113236.22644851918,27274150.575335324,11943.0,153.07692307692307,1.0,1.0
2025-09-09,P3,1,9,173.84615384615384,300546.9066616563,73489089.18681291,12620.0,173.84615384615384,1.0,1.0
2025-09-09,Q1,1,9,161.51923076923077,43327.771574824874,10551978.759014713,12187.0,161.51923076923077,1.0,1.0
2025-09-10,G2,2,9,135.6153846153846,113236.22644851918,27387233.72486077,11943.0,135.6153846153846,1.0,1.0
2025-09-10,P3,2,9,177.30769230769232,300546.9066616563,73789462.24732073,12620.0,177.30769230769232,1.0,1.0
2025-09-10,Q1,2,9,122.75,43327.771574824874,10595145.011358768,12187.0,122.75,1.0,1.0
2025-09-11,G2,3,9,150.69230769230768,113236.22644851918,27500334.335924674,11943.0,150.69230769230768,1.0,1.0
2025-09-11,P3,3,9,197.69230769230768,300546.9066616563,74089831.84629008,12620.0,197.69230769230768,1.0,1.0
2025-09-11,Q1,3,9,181.69230769230768,43327.771574824874,10638350.032933593,12187.0,181.69230769230768,1.0,1.0
2025-09-12,G2,4,9,151.76923076923077,113236.22644851918,27613419.870065503,11943.0,151.76923076923077,1.0,1.0
2025-09-12,P3,4,9,128.46153846153845,300546.9066616563,74390181.06064405,12620.0,128.46153846153845,1.0,1.0
2025-09-12,Q1,4,9,78.75,43327.771574824874,10681496.112200726,12187.0,78.75,1.0,1.0
2025-09-13,G2,5,9,93.53846153846153,113236.22644851918,27726504.327283256,11943.0,93.53846153846153,1.0,1.0
2025-09-13,P3,5,9,116.15384615384616,300546.9066616563,74690599.50576724,12620.0,116.15384615384616,1.0,1.0
2025-09-13,Q1,5,9,138.15384615384616,43327.771574824874,10724745.13377555,12187.0,138.15384615384616,1.0,1.0
2025-09-14,G2,6,9,103.92307692307692,113236.22644851918,27839647.015270237,11943.0,103.92307692307692,1.0,1.0
2025-09-14,P3,6,9,102.6923076923077,300546.9066616563,74991030.25858274,12620.0,102.6923076923077,1.0,1.0
2025-09-14,Q1,6,9,109.71153846153847,43327.771574824874,10767934.751504222,12187.0,109.71153846153847,1.0,1.0
2025-09-15,G2,0,9,160.92307692307693,113236.22644851918,27952779.318641834,11943.0,160.92307692307693,1.0,1.0
2025-09-15,P3,0,9,122.6923076923077,300546.9066616563,75291474.4729367,12620.0,122.6923076923077,1.0,1.0
2025-09-15,Q1,0,9,214.28846153846155,43327.771574824874,10811152.811540585,12187.0,214.28846153846155,1.0,1.0
2025-09-16,G2,1,9,153.07692307692307,113236.22644851918,28065854.62201343,11943.0,153.07692307692307,1.0,1.0
2025-09-16,P3,1,9,173.84615384615384,300546.9066616563,75591898.68729067,12620.0,173.84615384615384,1.0,1.0
2025-09-16,Q1,1,9,161.51923076923077,43327.771574824874,10854266.294653872,12187.0,161.51923076923077,1.0,1.0
2025-09-17,G2,2,9,135.6153846153846,113236.22644851918,28178937.771538876,11943.0,135.6153846153846,1.0,1.0
2025-09-17,P3,2,9,177.30769230769232,300546.9066616563,75892271.74779849,12620.0,177.30769230769232,1.0,1.0
2025-09-17,Q1,2,9,122.75,43327.771574824874,10897432.546997927,12187.0,122.75,1.0,1.0
2025-09-18,G2,3,9,150.69230769230768,113236.22644851918,28292038.38260278,11943.0,150.69230769230768,1.0,1.0
2025-09-18,P3,3,9,197.69230769230768,300546.9066616563,76192641.34676784,12620.0,197.69230769230768,1.0,1.0
2025-09-18,Q1,3,9,181.69230769230768,43327.771574824874,10940637.568572752,12187.0,181.69230769230768,1.0,1.0
2025-09-19,G2,4,9,151.76923076923077,113236.22644851918,28405123.91674361,11943.0,151.76923076923077,1.0,1.0
2025-09-19,P3,4,9,128.46153846153845,300546.9066616563,76492990.5611218,12620.0,128.46153846153845,1.0,1.0
2025-09-19,Q1,4,9,78.75,43327.771574824874,10983783.647839885,12187.0,78.75,1.0,1.0
2025-09-20,G2,5,9,93.53846153846153,113236.22644851918,28518208.373961363,11943.0,93.53846153846153,1.0,1.0
2025-09-20,P3,5,9,116.15384615384616,300546.9066616563,76793409.006245,12620.0,116.15384615384616,1.0,1.0
2025-09-20,Q1,5,9,138.15384615384616,43327.771574824874,11027032.66941471,12187.0,138.15384615384616,1.0,1.0
2025-09-21,G2,6,9,103.92307692307692,113236.22644851918,28631351.061948344,11943.0,103.92307692307692,1.0,1.0
2025-09-21,P3,6,9,102.6923076923077,300546.9066616563,77093839.7590605,12620.0,102.6923076923077,1.0,1.0
2025-09-21,Q1,6,9,109.71153846153847,43327.771574824874,11070222.287143381,12187.0,109.71153846153847,1.0,1.0
2025-09-22,G2,0,9,160.92307692307693,113236.22644851918,28744483.36531994,11943.0,160.92307692307693,1.0,1.0
2025-09-22,P3,0,9,122.6923076923077,300546.9066616563,77394283.97341447,12620.0,122.6923076923077,1.0,1.0
2025-09-22,Q1,0,9,214.28846153846155,43327.771574824874,11113440.347179744,12187.0,214.28846153846155,1.0,1.0
2025-09-23,G2,1,9,153.07692307692307,113236.22644851918,28857558.66869154,11943.0,153.07692307692307,1.0,1.0
2025-09-23,P3,1,9,173.84615384615384,300546.9066616563,77694708.18776843,12620.0,173.84615384615384,1.0,1.0
2025-09-23,Q1,1,9,161.51923076923077,43327.771574824874,11156553.830293031,12187.0,161.51923076923077,1.0,1.0
2025-09-24,G2,2,9,135.6153846153846,113236.22644851918,28970641.818216983,11943.0,135.6153846153846,1.0,1.0
2025-09-24,P3,2,9,177.30769230769232,300546.9066616563,77995081.24827625,12620.0,177.30769230769232,1.0,1.0
2025-09-24,Q1,2,9,122.75,43327.771574824874,11199720.082637087,12187.0,122.75,1.0,1.0
2025-09-25,G2,3,9,150.69230769230768,113236.22644851918,29083742.42928089,11943.0,150.69230769230768,1.0,1.0
2025-09-25,P3,3,9,197.69230769230768,300546.9066616563,78295450.8472456,12620.0,197.69230769230768,1.0,1.0
2025-09-25,Q1,3,9,181.69230769230768,43327.771574824874,11242925.104211912,12187.0,181.69230769230768,1.0,1.0
2025-09-26,G2,4,9,151.76923076923077,113236.22644851918,29196827.963421717,11943.0,151.76923076923077,1.0,1.0
2025-09-26,P3,4,9,128.46153846153845,300546.9066616563,78595800.06159957,12620.0,128.46153846153845,1.0,1.0
2025-09-26,Q1,4,9,78.75,43327.771574824874,11286071.183479045,12187.0,78.75,1.0,1.0
2025-09-27,G2,5,9,93.53846153846153,113236.22644851918,29309912.42063947,11943.0,93.53846153846153,1.0,1.0
2025-09-27,P3,5,9,116.15384615384616,300546.9066616563,78896218.50672276,12620.0,116.15384615384616,1.0,1.0
2025-09-27,Q1,5,9,138.15384615384616,43327.771574824874,11329320.20505387,12187.0,138.15384615384616,1.0,1.0
2025-09-28,G2,6,9,103.92307692307692,113236.22644851918,29423055.10862645,11943.0,103.92307692307692,1.0,1.0
2025-09-28,P3,6,9,102.6923076923077,300546.9066616563,79196649.25953826,12620.0,102.6923076923077,1.0,1.0
2025-09-28,Q1,6,9,109.71153846153847,43327.771574824874,11372509.82278254,12187.0,109.71153846153847,1.0,1.0
