date,line,gal_ord,gal_ship,gal_prod,gal_avail,inv_gal_start,backlog_gal_start,fill_rate,weekday,month,gal_ord_1d_lag,gal_prod_1d_lag,gal_avail_1d_lag,gal_ship_1d_lag,inv_gal_start_1d_lag,backlog_gal_start_1d_lag
2025-01-02,G2,56.0,12045.0,45367.450498762664,41523.66204479554,138596.80823683532,137.0,215.08928571428572,3,1,137.0,151596.1839865396,138596.80823683532,0.0,0.0,0.0
2025-01-03,G2,186.0,299.0,104739.00616355636,94418.85774557036,168075.47028163087,0.0,1.60752688172043,4,1,56.0,45367.450498762664,41523.66204479554,12045.0,138596.80823683532,137.0
2025-01-04,G2,117.0,0.0,146837.98104404216,133857.66738007317,262195.32802720123,0.0,0.0,5,1,186.0,104739.00616355636,94418.85774557036,299.0,168075.47028163087,0.0
2025-01-06,G2,119.0,0.0,155094.50090436035,144478.05634913984,519938.2786230815,117.0,0.0,0,1,0.0,135967.07306593316,123885.28321580713,0.0,396052.9954072744,117.0
2025-01-07,G2,93.0,0.0,124392.07687934776,114486.660934643,664416.3349722214,236.0,0.0,1,1,119.0,155094.50090436035,144478.05634913984,0.0,519938.2786230815,117.0
2025-01-08,G2,108.0,0.0,151209.3976766573,137946.9536833976,778902.9959068644,329.0,0.0,2,1,93.0,124392.07687934776,114486.660934643,0.0,664416.3349722214,236.0
2025-01-09,G2,88.0,0.0,136781.85532310937,122150.32695983248,916849.949590262,437.0,0.0,3,1,108.0,151209.3976766573,137946.9536833976,0.0,778902.9959068644,329.0
2025-01-10,G2,348.0,0.0,151507.79988868537,134896.5418810423,1039000.2765500945,525.0,0.0,4,1,88.0,136781.85532310937,122150.32695983248,0.0,916849.949590262,437.0
2025-01-11,G2,69.0,0.0,133492.24714046068,119560.19754031084,1173896.8184311367,873.0,0.0,5,1,348.0,151507.79988868537,134896.5418810423,0.0,1039000.2765500945,525.0
2025-01-12,G2,23.0,0.0,144918.2035905753,134572.61651789863,1293457.0159714476,942.0,0.0,6,1,69.0,133492.24714046068,119560.19754031084,0.0,1173896.8184311367,873.0
2025-01-13,G2,65.0,0.0,165811.1966521722,153105.84305566378,1428029.6324893462,965.0,0.0,0,1,23.0,144918.2035905753,134572.61651789863,0.0,1293457.0159714476,942.0
2025-01-14,G2,292.0,0.0,148001.75760677378,136965.42047845904,1581135.47554501,1030.0,0.0,1,1,65.0,165811.1966521722,153105.84305566378,0.0,1428029.6324893462,965.0
2025-01-15,G2,36.0,0.0,57106.757632545414,52241.51979205192,1718100.896023469,1322.0,0.0,2,1,292.0,148001.75760677378,136965.42047845904,0.0,1581135.47554501,1030.0
2025-01-16,G2,145.0,0.0,126055.46794948055,112788.86834962555,1770342.415815521,1358.0,0.0,3,1,36.0,57106.757632545414,52241.51979205192,0.0,1718100.896023469,1322.0
2025-01-19,G2,83.0,0.0,144764.75477578386,131989.90622853217,2050505.8593938434,1503.0,0.0,6,1,0.0,127621.46983662735,115721.36997894198,0.0,1934784.4894149015,1503.0
2025-01-20,G2,160.0,0.0,170575.08352459857,155460.98410988876,2182495.7656223755,1586.0,0.0,0,1,83.0,144764.75477578386,131989.90622853217,0.0,2050505.8593938434,1503.0
2025-01-21,G2,246.0,0.0,56938.23199272531,51254.539748017014,2337956.7497322643,1746.0,0.0,1,1,160.0,170575.08352459857,155460.98410988876,0.0,2182495.7656223755,1586.0
2025-01-22,G2,203.0,0.0,119314.44074787307,107486.02395528951,2389211.2894802815,1992.0,0.0,2,1,246.0,56938.23199272531,51254.539748017014,0.0,2337956.7497322643,1746.0
2025-01-23,G2,546.0,0.0,47824.35396070356,44332.31615649264,2496697.3134355713,2195.0,0.0,3,1,203.0,119314.44074787307,107486.02395528951,0.0,2389211.2894802815,1992.0
2025-01-24,G2,122.0,0.0,42827.022781221574,38038.986518198304,2541029.629592064,2741.0,0.0,4,1,546.0,47824.35396070356,44332.31615649264,0.0,2496697.3134355713,2195.0
2025-01-25,G2,80.0,0.0,146876.5387844616,137362.05152087618,2579068.616110262,2863.0,0.0,5,1,122.0,42827.022781221574,38038.986518198304,0.0,2541029.629592064,2741.0
2025-01-26,G2,239.0,0.0,165064.3457899624,148185.47999680787,2716430.667631138,2943.0,0.0,6,1,80.0,146876.5387844616,137362.05152087618,0.0,2579068.616110262,2863.0
2025-01-27,G2,107.0,0.0,54247.41023589261,49770.375736946015,2864616.147627946,3182.0,0.0,0,1,239.0,165064.3457899624,148185.47999680787,0.0,2716430.667631138,2943.0
2025-01-28,G2,29.0,0.0,97998.56885225023,89792.11961663878,2914386.523364892,3289.0,0.0,1,1,107.0,54247.41023589261,49770.375736946015,0.0,2864616.147627946,3182.0
2025-01-29,G2,76.0,0.0,94982.82018396448,84377.25925302075,3004178.642981531,3318.0,0.0,2,1,29.0,97998.56885225023,89792.11961663878,0.0,2914386.523364892,3289.0
2025-01-30,G2,115.0,0.0,51196.801816779065,47309.7311709011,3088555.902234552,3394.0,0.0,3,1,76.0,94982.82018396448,84377.25925302075,0.0,3004178.642981531,3318.0
2025-01-31,G2,203.0,0.0,98863.96170379722,87414.7475649654,3135865.633405453,3509.0,0.0,4,1,115.0,51196.801816779065,47309.7311709011,0.0,3088555.902234552,3394.0
2025-02-03,G2,284.0,0.0,89562.10738985661,80993.33635909024,3375460.0325227636,3712.0,0.0,0,2,0.0,42653.31983439939,38943.42510382611,0.0,3336516.6074189376,3712.0
2025-02-04,G2,314.0,0.0,53731.46528891548,48216.23760820649,3456453.3688818538,3996.0,0.0,1,2,284.0,89562.10738985661,80993.33635909024,0.0,3375460.0325227636,3712.0
2025-02-05,G2,147.0,0.0,103209.79103169646,96018.05419035433,3504669.60649006,4310.0,0.0,2,2,314.0,53731.46528891548,48216.23760820649,0.0,3456453.3688818538,3996.0
2025-02-06,G2,115.0,0.0,108711.45734628876,96358.88882370671,3600687.6606804146,4457.0,0.0,3,2,147.0,103209.79103169646,96018.05419035433,0.0,3504669.60649006,4310.0
2025-02-07,G2,145.0,0.0,44136.60177123606,39193.7325221034,3697046.5495041213,4572.0,0.0,4,2,115.0,108711.45734628876,96358.88882370671,0.0,3600687.6606804146,4457.0
2025-02-08,G2,372.0,0.0,123751.43803676216,114742.28452973902,3736240.282026225,4717.0,0.0,5,2,145.0,44136.60177123606,39193.7325221034,0.0,3697046.5495041213,4572.0
2025-02-09,G2,24.0,0.0,116241.45225271818,105400.54611413197,3850982.566555964,5089.0,0.0,6,2,372.0,123751.43803676216,114742.28452973902,0.0,3736240.282026225,4717.0
2025-02-10,G2,473.0,0.0,136380.65522558964,124872.67826782925,3956383.1126700956,5113.0,0.0,0,2,24.0,116241.45225271818,105400.54611413197,0.0,3850982.566555964,5089.0
2025-02-11,G2,147.0,0.0,124415.25569613882,111689.25199072849,4081255.7909379248,5586.0,0.0,1,2,473.0,136380.65522558964,124872.67826782925,0.0,3956383.1126700956,5113.0
2025-02-12,G2,85.0,0.0,35107.560908736494,31285.090375788528,4192945.0429286533,5733.0,0.0,2,2,147.0,124415.25569613882,111689.25199072849,0.0,4081255.7909379248,5586.0
2025-02-13,G2,124.0,0.0,159620.59652410602,144651.878388379,4224230.133304442,5818.0,0.0,3,2,85.0,35107.560908736494,31285.090375788528,0.0,4192945.0429286533,5733.0
2025-02-14,G2,123.0,0.0,151197.61838581145,139115.51855517097,4368882.011692821,5942.0,0.0,4,2,124.0,159620.59652410602,144651.878388379,0.0,4224230.133304442,5818.0
2025-02-16,G2,33.0,0.0,111222.194249138,99321.79786072372,4692377.667454044,6065.0,0.0,6,2,0.0,198752.30784342086,184380.13720605275,0.0,4507997.530247992,6065.0
2025-02-17,G2,148.0,0.0,47390.62440138379,42528.2506654039,4791699.465314768,6098.0,0.0,0,2,33.0,111222.194249138,99321.79786072372,0.0,4692377.667454044,6065.0
2025-02-19,G2,60.0,0.0,136197.20941577601,125651.7772299022,4979913.890880589,6246.0,0.0,2,2,0.0,156624.52779651125,145686.1749004168,0.0,4834227.715980172,6246.0
2025-02-20,G2,86.0,0.0,106228.54655092476,94894.22576684471,5105565.668110492,6306.0,0.0,3,2,60.0,136197.20941577601,125651.7772299022,0.0,4979913.890880589,6246.0
2025-02-21,G2,55.0,0.0,131188.99677758364,120311.88499043729,5200459.893877337,6392.0,0.0,4,2,86.0,106228.54655092476,94894.22576684471,0.0,5105565.668110492,6306.0
2025-02-22,G2,171.0,0.0,149669.93840015683,139285.84712176005,5320771.778867774,6447.0,0.0,5,2,55.0,131188.99677758364,120311.88499043729,0.0,5200459.893877337,6392.0
2025-02-23,G2,127.0,0.0,135704.10192630332,123806.07890465893,5460057.625989534,6618.0,0.0,6,2,171.0,149669.93840015683,139285.84712176005,0.0,5320771.778867774,6447.0
2025-02-24,G2,155.0,0.0,48764.757875172516,44374.56840593849,5583863.7048941925,6745.0,0.0,0,2,127.0,135704.10192630332,123806.07890465893,0.0,5460057.625989534,6618.0
2025-02-25,G2,399.0,0.0,138762.47446732144,128685.52970922996,5628238.273300131,6900.0,0.0,1,2,155.0,48764.757875172516,44374.56840593849,0.0,5583863.7048941925,6745.0
2025-02-26,G2,37.0,0.0,134607.64962082103,121512.14509316199,5756923.803009361,7299.0,0.0,2,2,399.0,138762.47446732144,128685.52970922996,0.0,5628238.273300131,6900.0
2025-02-27,G2,88.0,0.0,71401.09052283183,63235.30020619749,5878435.948102523,7336.0,0.0,3,2,37.0,134607.64962082103,121512.14509316199,0.0,5756923.803009361,7299.0
2025-02-28,G2,203.0,0.0,129616.00909688977,117567.22492654479,5941671.24830872,7424.0,0.0,4,2,88.0,71401.09052283183,63235.30020619749,0.0,5878435.948102523,7336.0
2025-03-01,G2,69.0,0.0,122739.53924612408,113741.119192115,6059238.473235264,7627.0,0.0,5,3,203.0,129616.00909688977,117567.22492654479,0.0,5941671.24830872,7424.0
2025-03-02,G2,45.0,0.0,137851.81322950928,127927.704333912,6172979.592427379,7696.0,0.0,6,3,69.0,122739.53924612408,113741.119192115,0.0,6059238.473235264,7627.0
2025-03-04,G2,221.0,0.0,89070.48704536157,80413.6879141588,6414482.49075882,7741.0,0.0,1,3,0.0,124734.33500686049,113575.19399752932,0.0,6300907.296761291,7741.0
2025-03-05,G2,359.0,0.0,51189.80687624111,45766.88743928458,6494896.17867298,7962.0,0.0,2,3,221.0,89070.48704536157,80413.6879141588,0.0,6414482.49075882,7741.0
2025-03-06,G2,216.0,0.0,162191.77287558888,148965.08338623669,6540663.066112264,8321.0,0.0,3,3,359.0,51189.80687624111,45766.88743928458,0.0,6494896.17867298,7962.0
2025-03-07,G2,182.0,0.0,40843.94324652439,38233.42629994532,6689628.149498501,8537.0,0.0,4,3,216.0,162191.77287558888,148965.08338623669,0.0,6540663.066112264,8321.0
2025-03-08,G2,51.0,0.0,60713.446848429914,55857.7576617612,6727861.575798446,8719.0,0.0,5,3,182.0,40843.94324652439,38233.42629994532,0.0,6689628.149498501,8537.0
2025-03-09,G2,403.0,0.0,104172.47774204225,96503.85321450813,6783719.333460207,8770.0,0.0,6,3,51.0,60713.446848429914,55857.7576617612,0.0,6727861.575798446,8719.0
2025-03-10,G2,283.0,0.0,43470.328776772054,39873.796099918196,6880223.186674715,9173.0,0.0,0,3,403.0,104172.47774204225,96503.85321450813,0.0,6783719.333460207,8770.0
2025-03-11,G2,30.0,0.0,35055.197739287876,31487.837805332318,6920096.982774633,9456.0,0.0,1,3,283.0,43470.328776772054,39873.796099918196,0.0,6880223.186674715,9173.0
2025-03-12,G2,212.0,0.0,144321.91550902178,128611.7457943047,6951584.820579966,9486.0,0.0,2,3,30.0,35055.197739287876,31487.837805332318,0.0,6920096.982774633,9456.0
2025-03-13,G2,50.0,0.0,148470.21957212695,133056.4310451503,7080196.56637427,9698.0,0.0,3,3,212.0,144321.91550902178,128611.7457943047,0.0,6951584.820579966,9486.0
2025-03-14,G2,29.0,0.0,120140.12077189372,109287.54451261417,7213252.997419421,9748.0,0.0,4,3,50.0,148470.21957212695,133056.4310451503,0.0,7080196.56637427,9698.0
2025-03-15,G2,16.0,0.0,106788.675858307,98224.38880936863,7322540.541932035,9777.0,0.0,5,3,29.0,120140.12077189372,109287.54451261417,0.0,7213252.997419421,9748.0
2025-03-16,G2,176.0,0.0,136926.75036088238,123219.54990393308,7420764.930741404,9793.0,0.0,6,3,16.0,106788.675858307,98224.38880936863,0.0,7322540.541932035,9777.0
2025-03-17,G2,193.0,0.0,156879.52710007472,145028.21049832806,7543984.480645337,9969.0,0.0,0,3,176.0,136926.75036088238,123219.54990393308,0.0,7420764.930741404,9793.0
2025-03-18,G2,36.0,0.0,126115.78860155004,114315.06177672424,7689012.691143665,10162.0,0.0,1,3,193.0,156879.52710007472,145028.21049832806,0.0,7543984.480645337,9969.0
2025-03-20,G2,312.0,0.0,123083.52139839524,113079.12148059683,7930495.757307283,10198.0,0.0,3,3,0.0,138063.84340318505,127168.00438689279,0.0,7803327.75292039,10198.0
2025-03-21,G2,169.0,0.0,113764.18850233323,104307.97669335779,8043574.87878788,10510.0,0.0,4,3,312.0,123083.52139839524,113079.12148059683,0.0,7930495.757307283,10198.0
2025-03-22,G2,157.0,0.0,134240.43805932277,121603.80094669829,8147882.855481237,10679.0,0.0,5,3,169.0,113764.18850233323,104307.97669335779,0.0,8043574.87878788,10510.0
2025-03-24,G2,26.0,0.0,48554.394396115385,44397.34279511633,8442958.62306106,10836.0,0.0,0,3,0.0,186921.09008233284,173471.96663312468,0.0,8269486.656427936,10836.0
2025-03-25,G2,161.0,0.0,129759.7525159397,119525.69760832423,8487355.965856178,10862.0,0.0,1,3,26.0,48554.394396115385,44397.34279511633,0.0,8442958.62306106,10836.0
2025-03-26,G2,303.0,0.0,100198.27645294275,90099.58667652769,8606881.663464502,11023.0,0.0,2,3,161.0,129759.7525159397,119525.69760832423,0.0,8487355.965856178,10862.0
2025-03-27,G2,18.0,0.0,117321.37039983747,106286.3218014041,8696981.250141028,11326.0,0.0,3,3,303.0,100198.27645294275,90099.58667652769,0.0,8606881.663464502,11023.0
2025-03-28,G2,208.0,0.0,46517.82944640755,42015.34267128205,8803267.571942432,11344.0,0.0,4,3,18.0,117321.37039983747,106286.3218014041,0.0,8696981.250141028,11326.0
2025-03-29,G2,114.0,0.0,119756.04507527666,108993.96446806694,8845282.914613714,11552.0,0.0,5,3,208.0,46517.82944640755,42015.34267128205,0.0,8803267.571942432,11344.0
2025-03-30,G2,198.0,0.0,113200.38550380402,101990.64348653922,8954276.879081782,11666.0,0.0,6,3,114.0,119756.04507527666,108993.96446806694,0.0,8845282.914613714,11552.0
2025-03-31,G2,79.0,0.0,132360.39062267626,121773.128696106,9056267.52256832,11864.0,0.0,0,3,198.0,113200.38550380402,101990.64348653922,0.0,8954276.879081782,11666.0
2025-04-01,G2,22.0,0.0,136817.28357098278,127041.68951431796,9178040.651264427,11943.0,0.0,1,4,79.0,132360.39062267626,121773.128696106,0.0,9056267.52256832,11864.0
2025-01-02,P3,270.0,13140.0,286087.15508019185,261201.63431622967,370130.719739555,80.0,48.666666666666664,3,1,80.0,417116.4349502955,370130.719739555,0.0,0.0,0.0
2025-01-03,P3,15.0,105.0,341759.71390794264,305401.23045950686,618192.3540557846,0.0,7.0,4,1,270.0,286087.15508019185,261201.63431622967,13140.0,370130.719739555,80.0
2025-01-04,P3,35.0,0.0,360583.0394333069,319145.2875170126,923488.5845152915,0.0,0.0,5,1,15.0,341759.71390794264,305401.23045950686,105.0,618192.3540557846,0.0
2025-01-05,P3,95.0,0.0,494117.60757844226,456166.76827248407,1242633.872032304,35.0,0.0,6,1,35.0,360583.0394333069,319145.2875170126,0.0,923488.5845152915,0.0
2025-01-06,P3,80.0,0.0,400297.0996077221,360174.2827827769,1698800.640304788,130.0,0.0,0,1,95.0,494117.60757844226,456166.76827248407,0.0,1242633.872032304,35.0
2025-01-07,P3,230.0,0.0,423525.0766907917,386875.3058484064,2058974.923087565,210.0,0.0,1,1,80.0,400297.0996077221,360174.2827827769,0.0,1698800.640304788,130.0
2025-01-08,P3,150.0,0.0,374623.05715991376,337434.3738230312,2445850.2289359714,440.0,0.0,2,1,230.0,423525.0766907917,386875.3058484064,0.0,2058974.923087565,210.0
2025-01-09,P3,315.0,0.0,313338.31431273324,274336.027350121,2783284.6027590027,590.0,0.0,3,1,150.0,374623.05715991376,337434.3738230312,0.0,2445850.2289359714,440.0
2025-01-10,P3,220.0,0.0,131555.8505086872,117828.28975957853,3057620.630109124,905.0,0.0,4,1,315.0,313338.31431273324,274336.027350121,0.0,2783284.6027590027,590.0
2025-01-11,P3,245.0,0.0,251351.13691119483,221608.5253588041,3175448.9198687025,1125.0,0.0,5,1,220.0,131555.8505086872,117828.28975957853,0.0,3057620.630109124,905.0
2025-01-12,P3,295.0,0.0,360388.7904088304,325650.18470235536,3397057.4452275066,1370.0,0.0,6,1,245.0,251351.13691119483,221608.5253588041,0.0,3175448.9198687025,1125.0
2025-01-13,P3,85.0,0.0,374595.4885350943,337300.97601257364,3722707.629929862,1665.0,0.0,0,1,295.0,360388.7904088304,325650.18470235536,0.0,3397057.4452275066,1370.0
2025-01-14,P3,180.0,0.0,147504.1405903589,132885.655648141,4060008.6059424356,1750.0,0.0,1,1,85.0,374595.4885350943,337300.97601257364,0.0,3722707.629929862,1665.0
2025-01-15,P3,55.0,0.0,340722.2948116187,305282.4778999514,4192894.2615905767,1930.0,0.0,2,1,180.0,147504.1405903589,132885.655648141,0.0,4060008.6059424356,1750.0
2025-01-16,P3,80.0,0.0,407160.69701057015,376768.1422094923,4498176.739490528,1985.0,0.0,3,1,55.0,340722.2948116187,305282.4778999514,0.0,4192894.2615905767,1930.0
2025-01-17,P3,45.0,0.0,130264.86577379511,119154.19660618804,4874944.88170002,2065.0,0.0,4,1,80.0,407160.69701057015,376768.1422094923,0.0,4498176.739490528,1985.0
2025-01-18,P3,120.0,0.0,110732.99107016853,99054.29295215778,4994099.078306208,2110.0,0.0,5,1,45.0,130264.86577379511,119154.19660618804,0.0,4874944.88170002,2065.0
2025-01-20,P3,125.0,0.0,435355.4292558237,386804.6048782093,5388070.979275362,2230.0,0.0,0,1,0.0,330431.4075727957,294917.6080169956,0.0,5093153.371258366,2230.0
2025-01-21,P3,50.0,0.0,398382.7762707004,355255.78512616473,5774875.584153571,2355.0,0.0,1,1,125.0,435355.4292558237,386804.6048782093,0.0,5388070.979275362,2230.0
2025-01-22,P3,275.0,0.0,299789.9905244401,268158.8800708232,6130131.369279736,2405.0,0.0,2,1,50.0,398382.7762707004,355255.78512616473,0.0,5774875.584153571,2355.0
2025-01-23,P3,215.0,0.0,413963.7328981049,368487.1658180237,6398290.249350559,2680.0,0.0,3,1,275.0,299789.9905244401,268158.8800708232,0.0,6130131.369279736,2405.0
2025-01-24,P3,155.0,0.0,320542.40791665553,289767.98320947564,6766777.415168582,2895.0,0.0,4,1,215.0,413963.7328981049,368487.1658180237,0.0,6398290.249350559,2680.0
2025-01-25,P3,105.0,0.0,403750.1451217053,370074.933208448,7056545.398378058,3050.0,0.0,5,1,155.0,320542.40791665553,289767.98320947564,0.0,6766777.415168582,2895.0
2025-01-26,P3,30.0,0.0,446698.5980798733,402951.8692620573,7426620.331586506,3155.0,0.0,6,1,105.0,403750.1451217053,370074.933208448,0.0,7056545.398378058,3050.0
2025-01-28,P3,60.0,0.0,390550.50809938234,364826.6868173121,7920042.959409807,3185.0,0.0,1,1,0.0,98576.78700047058,90470.7585612431,0.0,7829572.200848564,3185.0
2025-01-29,P3,255.0,0.0,246048.11967690868,221924.3171502367,8284869.646227119,3245.0,0.0,2,1,60.0,390550.50809938234,364826.6868173121,0.0,7920042.959409807,3185.0
2025-01-30,P3,55.0,0.0,107096.26580716326,97529.599565396,8506793.963377355,3500.0,0.0,3,1,255.0,246048.11967690868,221924.3171502367,0.0,8284869.646227119,3245.0
2025-01-31,P3,210.0,0.0,275354.40602146235,248418.9717406601,8604323.56294275,3555.0,0.0,4,1,55.0,107096.26580716326,97529.599565396,0.0,8506793.963377355,3500.0
2025-02-01,P3,150.0,0.0,231067.11514540968,207189.0634950005,8852742.53468341,3765.0,0.0,5,2,210.0,275354.40602146235,248418.9717406601,0.0,8604323.56294275,3555.0
2025-02-02,P3,70.0,0.0,114032.65314838859,98045.86546983226,9059931.59817841,3915.0,0.0,6,2,150.0,231067.11514540968,207189.0634950005,0.0,8852742.53468341,3765.0
2025-02-03,P3,130.0,0.0,335299.84452042135,308473.01879608305,9157977.463648243,3985.0,0.0,0,2,70.0,114032.65314838859,98045.86546983226,0.0,9059931.59817841,3915.0
2025-02-04,P3,130.0,0.0,189902.15287817817,172579.7886605841,9466450.482444325,4115.0,0.0,1,2,130.0,335299.84452042135,308473.01879608305,0.0,9157977.463648243,3985.0
2025-02-05,P3,160.0,0.0,287231.1607407482,254301.45126895874,9639030.27110491,4245.0,0.0,2,2,130.0,189902.15287817817,172579.7886605841,0.0,9466450.482444325,4115.0
2025-02-06,P3,140.0,0.0,287956.7043697474,256686.8740429955,9893331.722373867,4405.0,0.0,3,2,160.0,287231.1607407482,254301.45126895874,0.0,9639030.27110491,4245.0
2025-02-07,P3,130.0,0.0,114987.26424320413,103959.4267085443,10150018.596416863,4545.0,0.0,4,2,140.0,287956.7043697474,256686.8740429955,0.0,9893331.722373867,4405.0
2025-02-08,P3,35.0,0.0,158139.08000706122,138751.1570695303,10253978.023125406,4675.0,0.0,5,2,130.0,114987.26424320413,103959.4267085443,0.0,10150018.596416863,4545.0
2025-02-10,P3,300.0,0.0,332680.1805500308,302268.76978558645,10781796.562868632,4710.0,0.0,0,2,0.0,432723.48879947176,389067.3826736957,0.0,10392729.180194937,4710.0
2025-02-11,P3,260.0,0.0,340248.29692111944,313868.8761802816,11084065.33265422,5010.0,0.0,1,2,300.0,332680.1805500308,302268.76978558645,0.0,10781796.562868632,4710.0
2025-02-12,P3,85.0,0.0,429494.7481649126,387875.1336603891,11397934.208834501,5270.0,0.0,2,2,260.0,340248.29692111944,313868.8761802816,0.0,11084065.33265422,5010.0
2025-02-13,P3,185.0,0.0,334846.41943670093,304322.43372310366,11785809.34249489,5355.0,0.0,3,2,85.0,429494.7481649126,387875.1336603891,0.0,11397934.208834501,5270.0
2025-02-14,P3,80.0,0.0,329822.655417582,293134.3528833344,12090131.776217993,5540.0,0.0,4,2,185.0,334846.41943670093,304322.43372310366,0.0,11785809.34249489,5355.0
2025-02-15,P3,110.0,0.0,122142.55580800217,107302.47438848432,12383266.129101329,5620.0,0.0,5,2,80.0,329822.655417582,293134.3528833344,0.0,12090131.776217993,5540.0
2025-02-16,P3,90.0,0.0,492484.9937781248,457759.21450337896,12490568.603489812,5730.0,0.0,6,2,110.0,122142.55580800217,107302.47438848432,0.0,12383266.129101329,5620.0
2025-02-17,P3,185.0,0.0,420096.54943026433,384739.1191303391,12948327.817993192,5820.0,0.0,0,2,90.0,492484.9937781248,457759.21450337896,0.0,12490568.603489812,5730.0
2025-02-18,P3,60.0,0.0,448992.76473825064,411286.4359708164,13333066.937123531,6005.0,0.0,1,2,185.0,420096.54943026433,384739.1191303391,0.0,12948327.817993192,5820.0
2025-02-19,P3,270.0,0.0,373000.5507272211,332876.103627424,13744353.373094348,6065.0,0.0,2,2,60.0,448992.76473825064,411286.4359708164,0.0,13333066.937123531,6005.0
2025-02-20,P3,445.0,0.0,307061.8529530058,285198.10606815683,14077229.476721773,6335.0,0.0,3,2,270.0,373000.5507272211,332876.103627424,0.0,13744353.373094348,6065.0
2025-02-21,P3,65.0,0.0,448749.7585179189,407599.7419223157,14362427.58278993,6780.0,0.0,4,2,445.0,307061.8529530058,285198.10606815683,0.0,14077229.476721773,6335.0
2025-02-22,P3,135.0,0.0,391091.75948129164,353792.05133335857,14770027.324712245,6845.0,0.0,5,2,65.0,448749.7585179189,407599.7419223157,0.0,14362427.58278993,6780.0
2025-02-23,P3,30.0,0.0,179726.49707444856,163021.45540335207,15123819.376045603,6980.0,0.0,6,2,135.0,391091.75948129164,353792.05133335857,0.0,14770027.324712245,6845.0
2025-02-24,P3,135.0,0.0,338211.5544489793,304177.748295348,15286840.831448955,7010.0,0.0,0,2,30.0,179726.49707444856,163021.45540335207,0.0,15123819.376045603,6980.0
2025-02-25,P3,325.0,0.0,331292.1795087608,296267.61305567855,15591018.579744304,7145.0,0.0,1,2,135.0,338211.5544489793,304177.748295348,0.0,15286840.831448955,7010.0
2025-02-26,P3,40.0,0.0,330469.21670281264,296588.33301100146,15887286.192799982,7470.0,0.0,2,2,325.0,331292.1795087608,296267.61305567855,0.0,15591018.579744304,7145.0
2025-02-27,P3,130.0,0.0,310205.6399214491,282970.09186203824,16183874.525810983,7510.0,0.0,3,2,40.0,330469.21670281264,296588.33301100146,0.0,15887286.192799982,7470.0
2025-02-28,P3,345.0,0.0,417059.85601790564,384514.14578949875,16466844.61767302,7640.0,0.0,4,2,130.0,310205.6399214491,282970.09186203824,0.0,16183874.525810983,7510.0
2025-03-02,P3,320.0,0.0,318945.5720629677,288145.59655655426,17232430.600936573,7985.0,0.0,6,3,0.0,412424.0602152509,381071.83747405175,0.0,16851358.76346252,7985.0
2025-03-03,P3,325.0,0.0,166642.753682197,153870.70098366478,17520576.19749313,8305.0,0.0,0,3,320.0,318945.5720629677,288145.59655655426,0.0,17232430.600936573,7985.0
2025-03-04,P3,495.0,0.0,379921.5250004587,344791.5625802427,17674446.898476794,8630.0,0.0,1,3,325.0,166642.753682197,153870.70098366478,0.0,17520576.19749313,8305.0
2025-03-05,P3,155.0,0.0,388076.34376628813,349264.2375704715,18019238.461057037,9125.0,0.0,2,3,495.0,379921.5250004587,344791.5625802427,0.0,17674446.898476794,8630.0
2025-03-06,P3,40.0,0.0,408856.79383127094,362884.7264291487,18368502.69862751,9280.0,0.0,3,3,155.0,388076.34376628813,349264.2375704715,0.0,18019238.461057037,9125.0
2025-03-07,P3,80.0,0.0,417987.2893605959,380174.14632929204,18731387.42505666,9320.0,0.0,4,3,40.0,408856.79383127094,362884.7264291487,0.0,18368502.69862751,9280.0
2025-03-08,P3,225.0,0.0,183123.93005093478,168411.84008177248,19111561.57138595,9400.0,0.0,5,3,80.0,417987.2893605959,380174.14632929204,0.0,18731387.42505666,9320.0
2025-03-09,P3,60.0,0.0,167422.65037941487,156357.6969791383,19279973.411467724,9625.0,0.0,6,3,225.0,183123.93005093478,168411.84008177248,0.0,19111561.57138595,9400.0
2025-03-11,P3,65.0,0.0,380932.17427279736,346227.3793257798,19735419.880291224,9685.0,0.0,1,3,0.0,331676.9505995821,299088.77184435923,0.0,19436331.108446863,9685.0
2025-03-12,P3,135.0,0.0,350259.41764687974,317150.8967350694,20081647.259617005,9750.0,0.0,2,3,65.0,380932.17427279736,346227.3793257798,0.0,19735419.880291224,9685.0
2025-03-13,P3,210.0,0.0,368245.853800217,331577.6122403102,20398798.156352073,9885.0,0.0,3,3,135.0,350259.41764687974,317150.8967350694,0.0,20081647.259617005,9750.0
2025-03-14,P3,75.0,0.0,124731.6110172587,111481.65436502582,20730375.768592384,10095.0,0.0,4,3,210.0,368245.853800217,331577.6122403102,0.0,20398798.156352073,9885.0
2025-03-16,P3,205.0,0.0,478340.6791815773,432494.8423981192,21142404.329619065,10170.0,0.0,6,3,0.0,326508.1700729119,300546.9066616563,0.0,20841857.42295741,10170.0
2025-03-17,P3,80.0,0.0,121521.80622627142,109278.10634763338,21574899.172017183,10375.0,0.0,0,3,205.0,478340.6791815773,432494.8423981192,0.0,21142404.329619065,10170.0
2025-03-18,P3,65.0,0.0,506956.82441454,464974.5746254039,21684177.278364815,10455.0,0.0,1,3,80.0,121521.80622627142,109278.10634763338,0.0,21574899.172017183,10375.0
2025-03-19,P3,75.0,0.0,146776.28943870103,133715.88518251153,22149151.852990218,10520.0,0.0,2,3,65.0,506956.82441454,464974.5746254039,0.0,21684177.278364815,10455.0
2025-03-20,P3,160.0,0.0,285423.3104815003,255428.5616728872,22282867.73817273,10595.0,0.0,3,3,75.0,146776.28943870103,133715.88518251153,0.0,22149151.852990218,10520.0
2025-03-21,P3,120.0,0.0,163572.29943316843,148186.3797638897,22538296.299845617,10755.0,0.0,4,3,160.0,285423.3104815003,255428.5616728872,0.0,22282867.73817273,10595.0
2025-03-22,P3,200.0,0.0,177310.27017374773,160442.42837263524,22686482.679609507,10875.0,0.0,5,3,120.0,163572.29943316843,148186.3797638897,0.0,22538296.299845617,10755.0
2025-03-23,P3,55.0,0.0,306206.2356420573,269184.3435764313,22846925.107982144,11075.0,0.0,6,3,200.0,177310.27017374773,160442.42837263524,0.0,22686482.679609507,10875.0
2025-03-24,P3,55.0,0.0,105623.63364787759,97814.29660979926,23116109.451558575,11130.0,0.0,0,3,55.0,306206.2356420573,269184.3435764313,0.0,22846925.107982144,11075.0
2025-03-25,P3,80.0,0.0,351423.55909967347,321006.58747208305,23213923.748168375,11185.0,0.0,1,3,55.0,105623.63364787759,97814.29660979926,0.0,23116109.451558575,11130.0
2025-03-26,P3,570.0,0.0,374979.2756086295,340258.46596498066,23534930.33564046,11265.0,0.0,2,3,80.0,351423.55909967347,321006.58747208305,0.0,23213923.748168375,11185.0
2025-03-27,P3,325.0,0.0,242333.39503218324,218314.200306073,23875188.80160544,11835.0,0.0,3,3,570.0,374979.2756086295,340258.46596498066,0.0,23534930.33564046,11265.0
2025-03-28,P3,130.0,0.0,460982.1488853655,420432.5175292739,24093503.001911514,12160.0,0.0,4,3,325.0,242333.39503218324,218314.200306073,0.0,23875188.80160544,11835.0
2025-03-29,P3,150.0,0.0,359739.82172059297,325851.1547008119,24513935.51944079,12290.0,0.0,5,3,130.0,460982.1488853655,420432.5175292739,0.0,24093503.001911514,12160.0
2025-03-30,P3,85.0,0.0,322024.9709722962,298677.9614507165,24839786.6741416,12440.0,0.0,6,3,150.0,359739.82172059297,325851.1547008119,0.0,24513935.51944079,12290.0
2025-03-31,P3,95.0,0.0,319175.55455665314,286379.1007399623,25138464.63559232,12525.0,0.0,0,3,85.0,322024.9709722962,298677.9614507165,0.0,24839786.6741416,12440.0
2025-04-01,P3,260.0,0.0,149318.22436120154,134022.0703768421,25424843.736332282,12620.0,0.0,1,4,95.0,319175.55455665314,286379.1007399623,0.0,25138464.63559232,12525.0
2025-01-02,Q1,118.25,6669.0,49612.26189066681,45449.68994477139,22789.859134203303,214.25,56.397463002114165,3,1,214.25,24999.0344523013,22789.859134203303,0.0,0.0,0.0
2025-01-03,Q1,59.25,4799.75,56512.30304428223,51800.01889480545,61570.5490789747,0.0,81.0084388185654,4,1,118.25,49612.26189066681,45449.68994477139,6669.0,22789.859134203303,214.25
2025-01-04,Q1,262.0,1475.0,58107.37049012453,52879.16628467851,108570.81797378015,0.0,5.629770992366412,5,1,59.25,56512.30304428223,51800.01889480545,4799.75,61570.5490789747,0.0
2025-01-05,Q1,274.0,145.5,52147.66799641056,47761.34229348609,159974.98425845866,0.0,0.531021897810219,6,1,262.0,58107.37049012453,52879.16628467851,1475.0,108570.81797378015,0.0
2025-01-06,Q1,402.25,0.0,19536.74692212719,18367.139122794848,207590.82655194475,128.5,0.0,0,1,274.0,52147.66799641056,47761.34229348609,145.5,159974.98425845866,0.0
2025-01-08,Q1,58.5,0.0,63638.03027371699,58715.68108187403,273606.72974000813,530.75,0.0,2,1,0.0,52130.296161137485,47648.764065268566,0.0,225957.9656747396,530.75
2025-01-09,Q1,414.75,0.0,17563.309821731706,16238.535247945554,332322.41082188213,589.25,0.0,3,1,58.5,63638.03027371699,58715.68108187403,0.0,273606.72974000813,530.75
2025-01-10,Q1,145.5,0.0,42422.79578279706,39537.12526900034,348560.9460698277,1004.0,0.0,4,1,414.75,17563.309821731706,16238.535247945554,0.0,332322.41082188213,589.25
2025-01-11,Q1,63.0,0.0,17946.248970658995,15775.390000749016,388098.0713388281,1149.5,0.0,5,1,145.5,42422.79578279706,39537.12526900034,0.0,348560.9460698277,1004.0
2025-01-12,Q1,119.75,0.0,19920.599869069873,18289.604735754394,403873.4613395771,1212.5,0.0,6,1,63.0,17946.248970658995,15775.390000749016,0.0,388098.0713388281,1149.5
2025-01-13,Q1,66.5,0.0,58542.60332230861,54135.13091305994,422163.0660753315,1332.25,0.0,0,1,119.75,19920.599869069873,18289.604735754394,0.0,403873.4613395771,1212.5
2025-01-14,Q1,54.5,0.0,42588.874684960305,39031.041972198465,476298.1969883914,1398.75,0.0,1,1,66.5,58542.60332230861,54135.13091305994,0.0,422163.0660753315,1332.25
2025-01-15,Q1,141.25,0.0,46866.91307081722,43325.296840819465,515329.23896058986,1453.25,0.0,2,1,54.5,42588.874684960305,39031.041972198465,0.0,476298.1969883914,1398.75
2025-01-16,Q1,256.0,0.0,23539.772204534223,21539.55114920213,558654.5358014093,1594.5,0.0,3,1,141.25,46866.91307081722,43325.296840819465,0.0,515329.23896058986,1453.25
2025-01-17,Q1,80.75,0.0,56887.66145206913,53022.263002081956,580194.0869506114,1850.5,0.0,4,1,256.0,23539.772204534223,21539.55114920213,0.0,558654.5358014093,1594.5
2025-01-18,Q1,89.0,0.0,61564.10743938769,56930.48108293906,633216.3499526934,1931.25,0.0,5,1,80.75,56887.66145206913,53022.263002081956,0.0,580194.0869506114,1850.5
2025-01-19,Q1,54.5,0.0,53111.13533350811,48325.867389020474,690146.8310356325,2020.25,0.0,6,1,89.0,61564.10743938769,56930.48108293906,0.0,633216.3499526934,1931.25
2025-01-20,Q1,114.25,0.0,23063.002110875976,21673.508173504957,738472.698424653,2074.75,0.0,0,1,54.5,53111.13533350811,48325.867389020474,0.0,690146.8310356325,2020.25
2025-01-22,Q1,115.0,0.0,59874.81534441048,54440.46510434726,808008.8946643807,2189.0,0.0,2,1,0.0,52503.534086651314,47862.68806622267,0.0,760146.206598158,2189.0
2025-01-23,Q1,444.5,0.0,49562.47266406575,45125.704138972804,862449.3597687279,2304.0,0.0,3,1,115.0,59874.81534441048,54440.46510434726,0.0,808008.8946643807,2189.0
2025-01-24,Q1,109.0,0.0,68775.04302228657,62851.18473728613,907575.0639077007,2748.5,0.0,4,1,444.5,49562.47266406575,45125.704138972804,0.0,862449.3597687279,2304.0
2025-01-25,Q1,72.5,0.0,65320.518736586266,61151.9964776273,970426.2486449869,2857.5,0.0,5,1,109.0,68775.04302228657,62851.18473728613,0.0,907575.0639077007,2748.5
2025-01-26,Q1,84.75,0.0,29387.15191835143,27227.7499346385,1031578.2451226142,2930.0,0.0,6,1,72.5,65320.518736586266,61151.9964776273,0.0,970426.2486449869,2857.5
2025-01-27,Q1,708.0,0.0,42961.86114855778,38755.03238964697,1058805.9950572527,3014.75,0.0,0,1,84.75,29387.15191835143,27227.7499346385,0.0,1031578.2451226142,2930.0
2025-01-28,Q1,273.5,0.0,48206.804175211924,44684.15512081688,1097561.0274468996,3722.75,0.0,1,1,708.0,42961.86114855778,38755.03238964697,0.0,1058805.9950572527,3014.75
2025-01-29,Q1,170.5,0.0,44202.33833213904,40105.812270031325,1142245.1825677163,3996.25,0.0,2,1,273.5,48206.804175211924,44684.15512081688,0.0,1097561.0274468996,3722.75
2025-01-30,Q1,45.25,0.0,32868.162780490486,30898.037805634493,1182350.9948377477,4166.75,0.0,3,1,170.5,44202.33833213904,40105.812270031325,0.0,1142245.1825677163,3996.25
2025-02-01,Q1,127.25,0.0,46197.92023319761,42403.495001150884,1255787.6406583765,4212.0,0.0,5,2,0.0,45464.27378905482,42538.608014994206,0.0,1213249.0326433822,4212.0
2025-02-02,Q1,66.5,0.0,52664.066415079986,48560.09392204997,1298191.1356595275,4339.25,0.0,6,2,127.25,46197.92023319761,42403.495001150884,0.0,1255787.6406583765,4212.0
2025-02-03,Q1,31.25,0.0,41996.24880116758,39193.984274853414,1346751.2295815775,4405.75,0.0,0,2,66.5,52664.066415079986,48560.09392204997,0.0,1298191.1356595275,4339.25
2025-02-04,Q1,478.0,0.0,25236.37005483542,23200.101162139566,1385945.213856431,4437.0,0.0,1,2,31.25,41996.24880116758,39193.984274853414,0.0,1346751.2295815775,4405.75
2025-02-05,Q1,330.25,0.0,42140.0465737826,38420.1283099877,1409145.3150185705,4915.0,0.0,2,2,478.0,25236.37005483542,23200.101162139566,0.0,1385945.213856431,4437.0
2025-02-06,Q1,52.75,0.0,50880.179519391444,45961.2350172288,1447565.4433285582,5245.25,0.0,3,2,330.25,42140.0465737826,38420.1283099877,0.0,1409145.3150185705,4915.0
2025-02-07,Q1,195.5,0.0,50448.790373891505,46091.65807788467,1493526.678345787,5298.0,0.0,4,2,52.75,50880.179519391444,45961.2350172288,0.0,1447565.4433285582,5245.25
2025-02-08,Q1,85.75,0.0,41609.51854263927,36959.563297939996,1539618.3364236718,5493.5,0.0,5,2,195.5,50448.790373891505,46091.65807788467,0.0,1493526.678345787,5298.0
2025-02-09,Q1,51.5,0.0,18682.690822328605,16902.380497050246,1576577.8997216118,5579.25,0.0,6,2,85.75,41609.51854263927,36959.563297939996,0.0,1539618.3364236718,5493.5
2025-02-10,Q1,78.25,0.0,51726.44111886359,47542.19818530716,1593480.280218662,5630.75,0.0,0,2,51.5,18682.690822328605,16902.380497050246,0.0,1576577.8997216118,5579.25
2025-02-11,Q1,429.75,0.0,57758.25414867608,53523.96685943766,1641022.4784039692,5709.0,0.0,1,2,78.25,51726.44111886359,47542.19818530716,0.0,1593480.280218662,5630.75
2025-02-12,Q1,59.25,0.0,47170.2010637167,42909.27155887745,1694546.445263407,6138.75,0.0,2,2,429.75,57758.25414867608,53523.96685943766,0.0,1641022.4784039692,5709.0
2025-02-13,Q1,127.25,0.0,63112.660756641504,59133.96273416313,1737455.7168222845,6198.0,0.0,3,2,59.25,47170.2010637167,42909.27155887745,0.0,1694546.445263407,6138.75
2025-02-14,Q1,39.0,0.0,51500.36591835765,47287.58200274299,1796589.6795564475,6325.25,0.0,4,2,127.25,63112.660756641504,59133.96273416313,0.0,1737455.7168222845,6198.0
2025-02-16,Q1,176.0,0.0,25452.648066594506,23750.77168926051,1876479.3594032365,6364.25,0.0,6,2,0.0,36740.24456651596,32602.09784404608,0.0,1843877.2615591905,6364.25
2025-02-17,Q1,430.25,0.0,44096.42636545398,40232.60181656413,1900230.1310924971,6540.25,0.0,0,2,176.0,25452.648066594506,23750.77168926051,0.0,1876479.3594032365,6364.25
2025-02-18,Q1,250.5,0.0,20890.8759170699,19372.29782382182,1940462.7329090612,6970.5,0.0,1,2,430.25,44096.42636545398,40232.60181656413,0.0,1900230.1310924971,6540.25
2025-02-19,Q1,47.0,0.0,51450.51068390392,47191.53460825675,1959835.0307328831,7221.0,0.0,2,2,250.5,20890.8759170699,19372.29782382182,0.0,1940462.7329090612,6970.5
2025-02-20,Q1,49.0,0.0,58403.52367900167,54284.50369832743,2007026.56534114,7268.0,0.0,3,2,47.0,51450.51068390392,47191.53460825675,0.0,1959835.0307328831,7221.0
2025-02-21,Q1,54.0,0.0,62218.125435342066,55897.28161137851,2061311.0690394673,7317.0,0.0,4,2,49.0,58403.52367900167,54284.50369832743,0.0,2007026.56534114,7268.0
2025-02-22,Q1,366.25,0.0,57103.10960842812,52251.7223485394,2117208.3506508456,7371.0,0.0,5,2,54.0,62218.125435342066,55897.28161137851,0.0,2061311.0690394673,7317.0
2025-02-23,Q1,67.5,0.0,48576.64970650794,44553.91686385997,2169460.072999385,7737.25,0.0,6,2,366.25,57103.10960842812,52251.7223485394,0.0,2117208.3506508456,7371.0
2025-02-24,Q1,89.5,0.0,37061.98918372806,33612.445544571165,2214013.9898632453,7804.75,0.0,0,2,67.5,48576.64970650794,44553.91686385997,0.0,2169460.072999385,7737.25
2025-02-26,Q1,37.5,0.0,18862.743001731913,17511.06125713305,2286470.5797347724,7894.25,0.0,2,2,0.0,42714.286096036725,38844.14432695584,0.0,2247626.4354078164,7894.25
2025-02-27,Q1,108.75,0.0,43784.83555745351,39317.92901460682,2303981.6409919057,7931.75,0.0,3,2,37.5,18862.743001731913,17511.06125713305,0.0,2286470.5797347724,7894.25
2025-02-28,Q1,104.25,0.0,67366.338952717,61819.15777639685,2343299.5700065126,8040.5,0.0,4,2,108.75,43784.83555745351,39317.92901460682,0.0,2303981.6409919057,7931.75
2025-03-01,Q1,241.25,0.0,50348.645060892755,46700.73904854114,2405118.7277829093,8144.75,0.0,5,3,104.25,67366.338952717,61819.15777639685,0.0,2343299.5700065126,8040.5
2025-03-02,Q1,141.5,0.0,22701.159451101346,20958.976601578095,2451819.4668314504,8386.0,0.0,6,3,241.25,50348.645060892755,46700.73904854114,0.0,2405118.7277829093,8144.75
2025-03-03,Q1,71.75,0.0,62112.46197938808,57436.03543127861,2472778.4434330286,8527.5,0.0,0,3,141.5,22701.159451101346,20958.976601578095,0.0,2451819.4668314504,8386.0
2025-03-04,Q1,128.75,0.0,48071.334821143915,43386.27031511745,2530214.478864307,8599.25,0.0,1,3,71.75,62112.46197938808,57436.03543127861,0.0,2472778.4434330286,8527.5
2025-03-05,Q1,110.5,0.0,19510.528236028826,17955.173326747656,2573600.7491794247,8728.0,0.0,2,3,128.75,48071.334821143915,43386.27031511745,0.0,2530214.478864307,8599.25
2025-03-06,Q1,291.0,0.0,20619.39770715028,19119.01839931462,2591555.922506172,8838.5,0.0,3,3,110.5,19510.528236028826,17955.173326747656,0.0,2573600.7491794247,8728.0
2025-03-07,Q1,79.0,0.0,46551.01909011365,42897.522248009,2610674.9409054867,9129.5,0.0,4,3,291.0,20619.39770715028,19119.01839931462,0.0,2591555.922506172,8838.5
2025-03-08,Q1,46.0,0.0,65242.07694189668,59352.78494761933,2653572.463153496,9208.5,0.0,5,3,79.0,46551.01909011365,42897.522248009,0.0,2610674.9409054867,9129.5
2025-03-09,Q1,115.75,0.0,47502.33416977411,43327.771574824874,2712925.248101115,9254.5,0.0,6,3,46.0,65242.07694189668,59352.78494761933,0.0,2653572.463153496,9208.5
2025-03-10,Q1,201.75,0.0,65020.20059372926,59897.391438837265,2756253.0196759403,9370.25,0.0,0,3,115.75,47502.33416977411,43327.771574824874,0.0,2712925.248101115,9254.5
2025-03-11,Q1,148.0,0.0,44820.26655188015,41182.356925501765,2816150.4111147774,9572.0,0.0,1,3,201.75,65020.20059372926,59897.391438837265,0.0,2756253.0196759403,9370.25
2025-03-12,Q1,82.75,0.0,19462.571186014153,17857.874641946455,2857332.7680402794,9720.0,0.0,2,3,148.0,44820.26655188015,41182.356925501765,0.0,2816150.4111147774,9572.0
2025-03-13,Q1,216.0,0.0,62043.18056254516,57713.37321807308,2875190.642682226,9802.75,0.0,3,3,82.75,19462.571186014153,17857.874641946455,0.0,2857332.7680402794,9720.0
2025-03-14,Q1,116.75,0.0,57419.26187860965,52561.94860642689,2932904.015900299,10018.75,0.0,4,3,216.0,62043.18056254516,57713.37321807308,0.0,2875190.642682226,9802.75
2025-03-15,Q1,132.25,0.0,66690.086418005,61191.439131272244,2985465.964506726,10135.5,0.0,5,3,116.75,57419.26187860965,52561.94860642689,0.0,2932904.015900299,10018.75
2025-03-16,Q1,177.25,0.0,54302.688168197485,50540.83772731068,3046657.403637998,10267.75,0.0,6,3,132.25,66690.086418005,61191.439131272244,0.0,2985465.964506726,10135.5
2025-03-17,Q1,127.0,0.0,48241.95295475221,44289.52295608299,3097198.2413653084,10445.0,0.0,0,3,177.25,54302.688168197485,50540.83772731068,0.0,3046657.403637998,10267.75
2025-03-18,Q1,185.0,0.0,56568.87154963216,51489.46616436984,3141487.7643213915,10572.0,0.0,1,3,127.0,48241.95295475221,44289.52295608299,0.0,3097198.2413653084,10445.0
2025-03-19,Q1,52.0,0.0,55009.53906113703,49860.578204508434,3192977.2304857615,10757.0,0.0,2,3,185.0,56568.87154963216,51489.46616436984,0.0,3141487.7643213915,10572.0
2025-03-20,Q1,203.25,0.0,66509.19517636271,60658.94713860603,3242837.80869027,10809.0,0.0,3,3,52.0,55009.53906113703,49860.578204508434,0.0,3192977.2304857615,10757.0
2025-03-21,Q1,16.25,0.0,52541.70821410726,48306.296732538416,3303496.755828876,11012.25,0.0,4,3,203.25,66509.19517636271,60658.94713860603,0.0,3242837.80869027,10809.0
2025-03-22,Q1,210.75,0.0,21501.628314044454,19504.406388398857,3351803.0525614144,11028.5,0.0,5,3,16.25,52541.70821410726,48306.296732538416,0.0,3303496.755828876,11012.25
2025-03-23,Q1,44.25,0.0,24725.48811898695,22747.13255744401,3371307.458949813,11239.25,0.0,6,3,210.75,21501.628314044454,19504.406388398857,0.0,3351803.0525614144,11028.5
2025-03-24,Q1,262.5,0.0,35171.16128326058,31918.95954029259,3394054.591507257,11283.5,0.0,0,3,44.25,24725.48811898695,22747.13255744401,0.0,3371307.458949813,11239.25
2025-03-25,Q1,48.75,0.0,17324.23675529681,15996.860008463409,3425973.5510475496,11546.0,0.0,1,3,262.5,35171.16128326058,31918.95954029259,0.0,3394054.591507257,11283.5
2025-03-26,Q1,177.0,0.0,52122.531577851616,48852.94953398523,3441970.411056013,11594.75,0.0,2,3,48.75,17324.23675529681,15996.860008463409,0.0,3425973.5510475496,11546.0
2025-03-27,Q1,35.25,0.0,47308.61103300893,43361.93922532151,3490823.360589998,11771.75,0.0,3,3,177.0,52122.531577851616,48852.94953398523,0.0,3441970.411056013,11594.75
2025-03-28,Q1,24.5,0.0,20718.030029121783,19108.74777575959,3534185.2998153195,11807.0,0.0,4,3,35.25,47308.61103300893,43361.93922532151,0.0,3490823.360589998,11771.75
2025-03-29,Q1,100.0,0.0,16038.713541135294,14784.765444043882,3553294.047591079,11831.5,0.0,5,3,24.5,20718.030029121783,19108.74777575959,0.0,3534185.2998153195,11807.0
2025-03-30,Q1,53.0,0.0,42293.84821304752,37660.79866885117,3568078.813035123,11931.5,0.0,6,3,100.0,16038.713541135294,14784.765444043882,0.0,3553294.047591079,11831.5
2025-03-31,Q1,202.5,0.0,41148.53662462057,36792.07995411536,3605739.611703974,11984.5,0.0,0,3,53.0,42293.84821304752,37660.79866885117,0.0,3568078.813035123,11931.5
2025-04-01,Q1,103.0,0.0,45073.273617109495,41522.41886804509,3642531.6916580894,12187.0,0.0,1,4,202.5,41148.53662462057,36792.07995411536,0.0,3605739.611703974,11984.5
