date,line,gallons_ordered,gallons_shipped,fill_rate,weekday,month,backlog_gal_delta,gallons_produced,units_produced,avg_temp,avg_tank_days,avg_changeover_min,total_run_hours,defect_rate,variant_LV_share,variant_STD_share,variant_HV_share,complexity_complex_share,minutes_down
2025-01-01,Q1,47.25,2829.75,59.888888888888886,2,1,-2782.5,74437.79645810263,297751.1858324105,73.4860269774633,1.3596939310083382,26.71914924844071,318.9939097444308,0.12,0.32,0.32,0.36,0.38,0.0
2025-01-02,G2,17.0,0.0,0.0,3,1,17.0,145172.6804139449,145172.6804139449,70.97411055918654,1.186126386649756,26.572319231924695,236.63361022347473,0.08333333333333333,0.3611111111111111,0.3333333333333333,0.3055555555555556,0.3055555555555556,0.0
2025-01-02,P3,50.0,0.0,0.0,3,1,50.0,339065.9300575436,67813.18601150873,71.54811959825375,1.4143028540499367,26.99415334896106,211.83457798344648,0.06060606060606061,0.3333333333333333,0.30303030303030304,0.36363636363636365,0.48484848484848486,0.0
2025-01-03,G2,48.0,0.0,0.0,4,1,48.0,123698.6147343049,123698.6147343049,69.99747149954808,1.2296582548234496,26.521058504346374,199.81752085565964,0.12903225806451613,0.3548387096774194,0.22580645161290322,0.41935483870967744,0.3870967741935484,0.0
2025-01-03,Q1,34.75,0.0,0.0,4,1,34.75,67324.59782722277,269298.39130889106,72.68167561507212,1.1282754470297245,26.649161463343738,288.2918412581944,0.044444444444444446,0.37777777777777777,0.28888888888888886,0.3333333333333333,0.35555555555555557,0.0
2025-01-04,G2,29.0,0.0,0.0,5,1,29.0,176166.1783873754,176166.1783873754,71.65336808308167,1.2986436060225974,26.812612322184314,290.54440072036704,0.14285714285714285,0.39285714285714285,0.25,0.35714285714285715,0.42857142857142855,69.0
2025-01-04,P3,120.0,0.0,0.0,5,1,120.0,428743.21337843884,85748.64267568776,72.34164750696594,1.1112151370126533,26.84211759702839,261.8842786922003,0.24,0.4,0.36,0.24,0.4,0.0
2025-01-04,Q1,99.0,0.0,0.0,5,1,99.0,68920.57140973596,275682.2856389439,73.35387880959323,1.1395047280086097,26.67004757117274,300.45201478962105,0.03571428571428571,0.2857142857142857,0.2857142857142857,0.42857142857142855,0.42857142857142855,0.0
2025-01-05,G2,28.0,0.0,0.0,6,1,28.0,164353.59438581968,164353.59438581968,74.37697768819963,1.166630532693814,26.64533996694017,280.04674410360894,0.11538461538461539,0.23076923076923078,0.46153846153846156,0.3076923076923077,0.3076923076923077,0.0
2025-01-05,P3,30.0,0.0,0.0,6,1,30.0,577281.3253182238,115456.26506364477,72.9320179706291,1.2893312218541089,26.650120225310946,333.3118809468998,0.0967741935483871,0.5161290322580645,0.25806451612903225,0.22580645161290322,0.41935483870967744,0.0
2025-01-05,Q1,31.5,0.0,0.0,6,1,31.5,62654.14542612101,250616.581704484,72.8525542811659,1.0964459378339062,26.687655345717268,269.7239395788876,0.038461538461538464,0.5,0.15384615384615385,0.34615384615384615,0.5384615384615384,0.0
2025-01-06,G2,45.0,0.0,0.0,0,1,45.0,183845.1421927604,183845.1421927604,72.0528940033499,1.118141843015544,26.49105500573087,296.45999061971867,0.022727272727272728,0.36363636363636365,0.29545454545454547,0.3409090909090909,0.3181818181818182,0.0
2025-01-06,P3,100.0,0.0,0.0,0,1,100.0,472788.97704178275,94557.79540835654,72.67308380252864,1.14056676515033,26.526623005182792,293.95538791507823,0.13043478260869565,0.21739130434782608,0.3695652173913043,0.41304347826086957,0.30434782608695654,0.0
2025-01-06,Q1,26.25,0.0,0.0,0,1,26.25,58913.635941009874,235654.5437640395,71.67297925297993,1.2031501287148278,26.755523976380204,243.7947774121383,0.0,0.35135135135135137,0.40540540540540543,0.24324324324324326,0.2972972972972973,0.0
2025-01-07,G2,26.0,0.0,0.0,1,1,26.0,146967.37954102005,146967.37954102005,71.6215187703416,1.0621107562924847,26.857263556151896,234.28227068607157,0.07894736842105263,0.42105263157894735,0.2631578947368421,0.3157894736842105,0.42105263157894735,0.0
2025-01-07,P3,55.0,0.0,0.0,1,1,55.0,500340.0587245708,100068.01174491415,72.12857221272208,1.061547466079374,26.801124104434212,303.3877589871353,0.13043478260869565,0.34782608695652173,0.41304347826086957,0.2391304347826087,0.41304347826086957,0.0
2025-01-08,G2,15.0,0.0,0.0,2,1,15.0,180458.2106615166,180458.2106615166,72.18119405815601,1.422904065473718,27.099176879414827,297.0488079832906,0.08695652173913043,0.2826086956521739,0.34782608695652173,0.3695652173913043,0.2608695652173913,0.0
2025-01-08,P3,55.0,0.0,0.0,2,1,55.0,440671.64555495186,88134.32911099037,72.73651867919281,1.232641301800143,26.62090127236381,267.18762866471053,0.12195121951219512,0.34146341463414637,0.2926829268292683,0.36585365853658536,0.43902439024390244,0.0
2025-01-09,G2,43.0,0.0,0.0,3,1,43.0,161533.1112344665,161533.1112344665,73.38661526322383,1.137892857152719,26.17904222587352,260.0177075736361,0.15,0.375,0.225,0.4,0.4,214.0
2025-01-10,G2,22.0,0.0,0.0,4,1,22.0,179503.0087567554,179503.0087567554,73.1482380872171,1.2518936072755085,26.744369102145296,285.8429247799649,0.20454545454545456,0.38636363636363635,0.2727272727272727,0.3409090909090909,0.3409090909090909,0.0
2025-01-10,Q1,42.25,0.0,0.0,4,1,42.25,50385.640732855485,201542.56293142194,73.4978684748767,1.1577454926869506,26.364878171594444,210.30279577000167,0.0625,0.4375,0.34375,0.21875,0.40625,0.0
2025-01-11,G2,37.0,0.0,0.0,5,1,37.0,159162.04624569125,159162.04624569125,73.944348618779,0.9694671703429963,26.570459134781533,268.93000241204356,0.07692307692307693,0.15384615384615385,0.38461538461538464,0.46153846153846156,0.46153846153846156,0.0
2025-01-11,P3,80.0,0.0,0.0,5,1,80.0,296027.4605537062,59205.492110741245,70.44946459104584,1.070846485637885,26.109521532978388,181.12764904916523,0.29411764705882354,0.29411764705882354,0.4117647058823529,0.29411764705882354,0.5294117647058824,0.0
2025-01-12,G2,33.0,0.0,0.0,6,1,33.0,171952.19665250808,171952.19665250808,72.04744278225407,0.917866939778096,26.31040153667224,277.77546044765916,0.038461538461538464,0.23076923076923078,0.46153846153846156,0.3076923076923077,0.46153846153846156,0.0
2025-01-12,Q1,39.25,0.0,0.0,6,1,39.25,52878.684193233625,211514.7367729345,71.32353752261787,0.9807319611266577,26.2414603460038,227.62914003732132,0.045454545454545456,0.45454545454545453,0.18181818181818182,0.36363636363636365,0.45454545454545453,0.0
2025-01-13,G2,33.0,0.0,0.0,0,1,33.0,198157.8868946818,198157.8868946818,72.99427636141563,1.4120499873744194,26.995777634709803,320.117608494839,0.10204081632653061,0.4489795918367347,0.32653061224489793,0.22448979591836735,0.40816326530612246,0.0
2025-01-14,G2,105.0,0.0,0.0,1,1,105.0,176648.8808794318,176648.8808794318,72.66911831112499,1.0870676732619997,26.910636621547063,290.91434288397073,0.06818181818181818,0.22727272727272727,0.5,0.2727272727272727,0.4090909090909091,0.0
2025-01-14,P3,10.0,0.0,0.0,1,1,10.0,450201.3939166433,90040.27878332866,73.65980503079706,1.4965176718141195,26.804692307057277,277.1211053820026,0.13953488372093023,0.32558139534883723,0.3023255813953488,0.37209302325581395,0.3488372093023256,0.0
2025-01-14,Q1,51.25,0.0,0.0,1,1,51.25,50757.099136736644,203028.39654694655,73.90930214002029,1.2629647481779371,26.978840828721633,216.0780691345046,0.058823529411764705,0.3235294117647059,0.35294117647058826,0.3235294117647059,0.5294117647058824,0.0
2025-01-15,G2,33.0,0.0,0.0,2,1,33.0,168149.00873109695,168149.00873109695,70.70970221267507,1.125622931218718,26.479049950306223,275.65757229944796,0.09523809523809523,0.30952380952380953,0.38095238095238093,0.30952380952380953,0.5,0.0
2025-01-15,P3,10.0,0.0,0.0,2,1,10.0,398896.08741614025,79779.21748322804,72.28861841061739,1.0900093466366998,26.6322141878935,245.57702838462149,0.07894736842105263,0.18421052631578946,0.34210526315789475,0.47368421052631576,0.34210526315789475,0.0
2025-01-16,P3,15.0,0.0,0.0,3,1,15.0,479032.3207703672,95806.46415407344,74.94352747008571,1.1887013561285895,26.48788906813151,287.7640025720528,0.11363636363636363,0.38636363636363635,0.38636363636363635,0.22727272727272727,0.4090909090909091,0.0
2025-01-16,Q1,21.25,0.0,0.0,3,1,21.25,70615.58233454876,282462.32933819504,70.49772982049352,1.3913742863492655,26.943222538374773,299.03041320949325,0.10869565217391304,0.3695652173913043,0.34782608695652173,0.2826086956521739,0.43478260869565216,0.0
2025-01-17,P3,70.0,0.0,0.0,4,1,70.0,384056.78338691115,76811.35667738224,72.61248283664914,1.1265372680896486,26.802315367806766,238.4662535858535,0.1388888888888889,0.2222222222222222,0.5,0.2777777777777778,0.5833333333333334,0.0
2025-01-18,G2,64.0,0.0,0.0,5,1,64.0,153299.94181586354,153299.94181586354,72.82915839084298,1.066173660382081,27.078133482187813,252.72585141569735,0.125,0.375,0.3333333333333333,0.2916666666666667,0.4166666666666667,0.0
2025-01-18,P3,70.0,0.0,0.0,5,1,70.0,338545.3048646774,67709.06097293548,73.09326936506831,1.1421371078779914,26.758390825500825,198.18529793229288,0.15789473684210525,0.5263157894736842,0.10526315789473684,0.3684210526315789,0.2631578947368421,112.0
2025-01-18,Q1,32.75,0.0,0.0,5,1,32.75,73183.8429920497,292735.3719681988,71.16115318864662,1.3525421839784677,26.400263547291992,312.9157162509806,0.06666666666666667,0.36666666666666664,0.26666666666666666,0.36666666666666664,0.2,20.0
2025-01-19,G2,80.0,0.0,0.0,6,1,80.0,172688.59769419485,172688.59769419485,73.0807045450271,1.1569659818302853,26.646408713593956,281.81562854471696,0.07407407407407407,0.4444444444444444,0.2222222222222222,0.3333333333333333,0.5185185185185185,0.0
2025-01-19,P3,130.0,0.0,0.0,6,1,130.0,392006.6099010964,78401.32198021928,72.36535706611431,1.140559872240321,26.418067917201512,243.0707808186997,0.21739130434782608,0.30434782608695654,0.391304347826087,0.30434782608695654,0.4782608695652174,0.0
2025-01-19,Q1,104.25,0.0,0.0,6,1,104.25,63402.661261946916,253610.64504778766,71.29987469726751,1.0477022933525728,26.546634253020457,273.7323412874712,0.07692307692307693,0.38461538461538464,0.23076923076923078,0.38461538461538464,0.38461538461538464,151.0
2025-01-20,Q1,11.25,0.0,0.0,0,1,11.25,72366.8406774453,289467.3627097812,71.88886520653254,0.8275614404054177,26.9333280735051,292.57055557426105,0.022222222222222223,0.4,0.4222222222222222,0.17777777777777778,0.4,0.0
2025-01-21,G2,101.0,0.0,0.0,1,1,101.0,175351.19378496174,175351.19378496174,73.06494598517344,1.0286631578459446,26.703995707153506,284.16955493483,0.15555555555555556,0.24444444444444444,0.4666666666666667,0.28888888888888886,0.37777777777777777,0.0
2025-01-21,Q1,44.0,0.0,0.0,1,1,44.0,62274.34526995648,249097.38107982592,71.50947795753365,1.1033923780861867,26.536219361546173,262.96884192654863,0.07317073170731707,0.2926829268292683,0.36585365853658536,0.34146341463414637,0.2926829268292683,0.0
2025-01-22,P3,95.0,0.0,0.0,2,1,95.0,354193.82193963235,70838.76438792648,73.84786661238786,1.0586812534815253,26.626477053455215,218.20768058288687,0.12121212121212122,0.21212121212121213,0.3939393939393939,0.3939393939393939,0.3333333333333333,0.0
2025-01-22,Q1,34.25,0.0,0.0,2,1,34.25,70735.07448964915,282940.2979585966,74.0831016119175,1.0748264223565773,26.488965001147946,300.4464079132602,0.06382978723404255,0.3191489361702128,0.2765957446808511,0.40425531914893614,0.2978723404255319,0.0
2025-01-23,G2,73.0,0.0,0.0,3,1,73.0,150106.59607706955,150106.59607706955,71.89511700131351,1.1788065821465057,26.42315905052137,250.0015280009262,0.10256410256410256,0.28205128205128205,0.46153846153846156,0.2564102564102564,0.3333333333333333,0.0
2025-01-23,P3,65.0,0.0,0.0,3,1,65.0,489100.6139575829,97820.1227915166,73.14799777292974,1.2292295006628478,26.8438854967437,303.78126937536393,0.15217391304347827,0.2826086956521739,0.30434782608695654,0.41304347826086957,0.41304347826086957,0.0
2025-01-24,G2,33.0,0.0,0.0,4,1,33.0,126606.7225493941,126606.7225493941,72.66429475677826,1.2254761895257114,26.862267681473906,213.58742832387105,0.21212121212121213,0.3333333333333333,0.3939393939393939,0.2727272727272727,0.5454545454545454,0.0
2025-01-24,Q1,95.25,0.0,0.0,4,1,95.25,81559.77709415896,326239.1083766358,73.53095083595369,1.1513295918685704,26.846513663612214,351.1393176349374,0.018518518518518517,0.3333333333333333,0.2037037037037037,0.46296296296296297,0.46296296296296297,0.0
2025-01-25,G2,13.0,0.0,0.0,5,1,13.0,175942.48072552535,175942.48072552535,71.81814467134157,1.0966700663024616,26.473649094291282,288.2987993792563,0.03571428571428571,0.35714285714285715,0.35714285714285715,0.2857142857142857,0.32142857142857145,65.0
2025-01-25,Q1,10.25,0.0,0.0,5,1,10.25,77135.77419669663,308543.0967867865,71.69260208715825,1.113151912244636,26.51872820537584,318.72932970587203,0.0,0.36666666666666664,0.4,0.23333333333333334,0.5333333333333333,0.0
2025-01-26,P3,50.0,0.0,0.0,6,1,50.0,532093.2367005327,106418.64734010656,70.04851723727411,1.4931970800149377,26.653330574984334,334.0972302885184,0.21212121212121213,0.36363636363636365,0.3333333333333333,0.30303030303030304,0.42424242424242425,0.0
2025-01-26,Q1,40.5,0.0,0.0,6,1,40.5,79080.86088421015,316323.4435368406,70.01850587063308,1.2494701122677734,26.46670909930059,329.1535600099759,0.03225806451612903,0.45161290322580644,0.16129032258064516,0.3870967741935484,0.3870967741935484,0.0
2025-01-27,Q1,39.5,0.0,0.0,0,1,39.5,56945.087099647964,227780.34839859186,73.15069807358711,1.3580801244294165,26.49330299657194,246.75272285688627,0.10526315789473684,0.3157894736842105,0.2894736842105263,0.39473684210526316,0.6052631578947368,0.0
2025-01-28,G2,13.0,0.0,0.0,1,1,13.0,128262.75127692152,128262.75127692152,74.45633706375986,0.8886299328275622,26.543872746381002,211.05744258518013,0.030303030303030304,0.3939393939393939,0.2727272727272727,0.3333333333333333,0.3939393939393939,175.0
2025-01-28,P3,100.0,0.0,0.0,1,1,100.0,531727.1154140686,106345.42308281372,73.06797881098318,1.0778095242602856,26.499498299052284,315.22116102300777,0.0425531914893617,0.40425531914893614,0.425531914893617,0.1702127659574468,0.3829787234042553,0.0
2025-01-28,Q1,41.25,0.0,0.0,1,1,41.25,71467.2239668161,285868.8958672644,72.11079499465461,1.2920566258594781,26.559280236367336,299.2233790299589,0.06521739130434782,0.34782608695652173,0.32608695652173914,0.32608695652173914,0.391304347826087,0.0
2025-01-29,P3,50.0,0.0,0.0,2,1,50.0,337295.58826426626,67459.11765285325,73.77467909110534,1.1540974520788587,26.84843622888708,202.17127831361998,0.12903225806451613,0.41935483870967744,0.25806451612903225,0.3225806451612903,0.25806451612903225,0.0
2025-01-30,G2,130.0,0.0,0.0,3,1,130.0,161198.52073390255,161198.52073390255,70.30053040237246,1.376534947231836,27.06050456981287,261.53690543914036,0.1,0.425,0.3,0.275,0.4,0.0
2025-01-31,G2,32.0,0.0,0.0,4,1,32.0,138766.46023946223,138766.46023946223,71.54038015002256,1.025714103858718,26.63148233432053,235.38830394701256,0.1388888888888889,0.2777777777777778,0.2222222222222222,0.5,0.4166666666666667,0.0
2025-01-31,Q1,135.25,0.0,0.0,4,1,135.25,63038.40238361781,252153.60953447124,73.67207046020135,0.9502235252104926,26.883265226037878,259.6287473045863,0.025,0.425,0.3,0.275,0.225,0.0
2025-02-01,P3,90.0,0.0,0.0,5,2,90.0,331695.14721674623,66339.02944334924,70.55637534611073,1.1446476708941677,26.202497948129377,203.39194171252953,0.15789473684210525,0.42105263157894735,0.2631578947368421,0.3157894736842105,0.47368421052631576,0.0
2025-02-01,Q1,147.25,0.0,0.0,5,2,147.25,61487.52700217862,245950.10800871448,71.05729649000872,1.1766260672169409,26.54704825824868,260.1578190935801,0.0,0.32,0.24,0.44,0.36,0.0
2025-02-02,G2,16.0,0.0,0.0,6,2,16.0,157641.18676810636,157641.18676810636,71.60762596192704,0.9954712762224618,26.412096586607507,257.06999910172215,0.04,0.32,0.28,0.4,0.32,0.0
2025-02-03,G2,29.0,0.0,0.0,0,2,29.0,129369.14813371337,129369.14813371337,69.44465020121552,1.2610349870564534,26.341638434880313,213.13964743596293,0.08823529411764706,0.38235294117647056,0.2647058823529412,0.35294117647058826,0.47058823529411764,0.0
2025-02-03,P3,70.0,0.0,0.0,0,2,70.0,447320.54819033446,89464.10963806689,72.66248357055669,1.1026741706639678,26.81250629834336,276.2591317624929,0.09302325581395349,0.3488372093023256,0.3488372093023256,0.3023255813953488,0.2558139534883721,176.0
2025-02-03,Q1,46.5,0.0,0.0,0,2,46.5,59125.152914767714,236500.61165907086,72.46566494251314,1.4478794820624898,26.711647573961347,256.0480090104148,0.02564102564102564,0.3333333333333333,0.38461538461538464,0.28205128205128205,0.5641025641025641,0.0
2025-02-04,G2,37.0,0.0,0.0,1,2,37.0,167162.29651250725,167162.29651250725,71.4122297719213,1.2915576049170858,26.586494354261927,268.2099616015389,0.17073170731707318,0.4146341463414634,0.2926829268292683,0.2926829268292683,0.5121951219512195,0.0
2025-02-04,P3,30.0,0.0,0.0,1,2,30.0,571833.1452496467,114366.62904992935,71.9176731372088,1.0657598468596285,26.628546718958287,344.16866000244175,0.15384615384615385,0.25,0.40384615384615385,0.34615384615384615,0.3269230769230769,0.0
2025-02-04,Q1,43.25,0.0,0.0,1,2,43.25,81334.8621506403,325339.4486025612,72.83009658543996,1.3929665364770913,26.682401923182574,346.8915949786039,0.07692307692307693,0.36538461538461536,0.28846153846153844,0.34615384615384615,0.4423076923076923,0.0
2025-02-05,G2,72.0,0.0,0.0,2,2,72.0,148312.71614336973,148312.71614336973,71.04947428804259,1.120272414855113,26.62387998859092,241.2736876090761,0.08108108108108109,0.3783783783783784,0.32432432432432434,0.2972972972972973,0.4864864864864865,0.0
2025-02-05,Q1,66.0,0.0,0.0,2,2,66.0,57598.644540433444,230394.57816173378,71.95088236636491,1.0983474983584958,26.33007340793321,242.4860300169536,0.07894736842105263,0.3157894736842105,0.3157894736842105,0.3684210526315789,0.42105263157894735,0.0
2025-02-06,G2,66.0,0.0,0.0,3,2,66.0,161189.4486047914,161189.4486047914,70.29624618341256,1.0375490140168286,26.52666419770798,267.15016940614555,0.0975609756097561,0.36585365853658536,0.14634146341463414,0.4878048780487805,0.2682926829268293,0.0
2025-02-07,G2,81.0,0.0,0.0,4,2,81.0,139002.41899743114,139002.41899743114,73.19360121797808,1.0510959485989628,26.547964422160664,229.1586895448363,0.1111111111111111,0.3055555555555556,0.2222222222222222,0.4722222222222222,0.3333333333333333,0.0
2025-02-07,P3,65.0,0.0,0.0,4,2,65.0,396472.33882773353,79294.4677655467,72.18038512903301,1.2056203008147703,26.768670467573923,244.1864741540133,0.13513513513513514,0.2702702702702703,0.3783783783783784,0.35135135135135137,0.32432432432432434,0.0
2025-02-07,Q1,55.0,0.0,0.0,4,2,55.0,66434.25188757475,265737.007550299,72.43913992358003,1.424689107880063,26.62068987768112,285.79509626483656,0.06521739130434782,0.3695652173913043,0.2826086956521739,0.34782608695652173,0.6086956521739131,0.0
2025-02-08,G2,9.0,0.0,0.0,5,2,9.0,168711.72103804792,168711.72103804792,70.36753172141789,1.024785695764043,26.91907922815955,257.38376408542865,0.08,0.48,0.36,0.16,0.24,0.0
2025-02-08,P3,50.0,0.0,0.0,5,2,50.0,536119.230477282,107223.84609545639,73.34720318531245,1.1903601149517893,26.51875271695911,328.28077780695435,0.2903225806451613,0.3225806451612903,0.3870967741935484,0.2903225806451613,0.5161290322580645,0.0
2025-02-08,Q1,40.0,0.0,0.0,5,2,40.0,52393.27545638929,209573.10182555718,71.42245568072435,1.172235109492808,26.72008252727557,231.06013758142026,0.045454545454545456,0.22727272727272727,0.18181818181818182,0.5909090909090909,0.2727272727272727,0.0
2025-02-09,G2,54.0,0.0,0.0,6,2,54.0,168840.49495720386,168840.49495720386,72.93766260905501,1.3163267238477947,26.30758015443177,285.17630116129334,0.1111111111111111,0.3333333333333333,0.25925925925925924,0.4074074074074074,0.4074074074074074,0.0
2025-02-09,P3,25.0,0.0,0.0,6,2,25.0,581449.4747704122,116289.89495408244,71.8655147801672,1.0974338575541847,26.608835006527748,353.7583732989577,0.09090909090909091,0.2727272727272727,0.2727272727272727,0.45454545454545453,0.3333333333333333,0.0
2025-02-09,Q1,48.5,0.0,0.0,6,2,48.5,71632.43757575298,286529.7503030119,72.35231540059641,1.1969657783388559,26.549229316625997,314.5714268377943,0.06451612903225806,0.25806451612903225,0.3548387096774194,0.3870967741935484,0.5483870967741935,87.0
2025-02-11,P3,35.0,0.0,0.0,1,2,35.0,402022.27752937144,80404.45550587428,71.91629265003581,1.2384831331277122,26.518812381838952,246.504056737612,0.05405405405405406,0.2972972972972973,0.35135135135135137,0.35135135135135137,0.5675675675675675,0.0
2025-02-11,Q1,51.25,0.0,0.0,1,2,51.25,68181.96671078843,272727.8668431537,72.5375152957502,1.1850372601336219,26.67472144804647,280.73516451044236,0.06818181818181818,0.36363636363636365,0.38636363636363635,0.25,0.38636363636363635,0.0
2025-02-12,G2,44.0,0.0,0.0,2,2,44.0,115905.87048631218,115905.87048631218,71.50700146507594,1.1618946681549767,26.730916663749245,187.59195551886063,0.17857142857142858,0.42857142857142855,0.25,0.32142857142857145,0.39285714285714285,0.0
2025-02-12,P3,50.0,0.0,0.0,2,2,50.0,506226.212071819,101245.2424143638,72.88843801334204,1.1664542469131662,26.562987374479594,305.7611716237091,0.1702127659574468,0.3617021276595745,0.3404255319148936,0.2978723404255319,0.3191489361702128,0.0
2025-02-12,Q1,45.0,0.0,0.0,2,2,45.0,55808.846533980104,223235.38613592042,72.73521584640972,0.8510264825202001,26.361792643967856,237.69026015396466,0.05128205128205128,0.2564102564102564,0.28205128205128205,0.46153846153846156,0.38461538461538464,0.0
2025-02-13,G2,35.0,0.0,0.0,3,2,35.0,191511.38751537589,191511.38751537589,69.08299090801157,1.249545679192447,26.451299843905787,317.8029867999985,0.12244897959183673,0.2653061224489796,0.3877551020408163,0.3469387755102041,0.3877551020408163,0.0
2025-02-13,P3,20.0,0.0,0.0,3,2,20.0,394742.244396107,78948.4488792214,72.12377324556125,1.350327445553276,26.622002305946186,238.99099904173252,0.1388888888888889,0.3333333333333333,0.3888888888888889,0.2777777777777778,0.2777777777777778,0.0
2025-02-14,G2,45.0,0.0,0.0,4,2,45.0,182094.92437563345,182094.92437563345,73.75962716881305,1.3080120294626232,26.539721495881665,304.75040229947655,0.06382978723404255,0.3191489361702128,0.3829787234042553,0.2978723404255319,0.40425531914893614,0.0
2025-02-15,P3,50.0,0.0,0.0,5,2,50.0,387961.4893040373,77592.29786080746,71.75086978355661,0.9135808947127748,26.61461358866763,247.04536465053755,0.13043478260869565,0.21739130434782608,0.2608695652173913,0.5217391304347826,0.34782608695652173,0.0
2025-02-15,Q1,12.5,0.0,0.0,5,2,12.5,43634.18063055377,174536.72252221507,73.0659695457656,1.1921893544657036,26.280144716795014,188.6737311161008,0.2222222222222222,0.2777777777777778,0.3333333333333333,0.3888888888888889,0.3888888888888889,0.0
2025-02-16,Q1,10.75,0.0,0.0,6,2,10.75,78444.02608923508,313776.1043569403,71.62658308403014,1.4702271919626118,26.490639318347526,335.72791521518747,0.03125,0.34375,0.375,0.28125,0.4375,0.0
2025-02-17,G2,42.0,0.0,0.0,0,2,42.0,140948.3305416641,140948.3305416641,72.04089328748266,1.0463079452056543,26.536744079265862,227.07329913571118,0.14285714285714285,0.2857142857142857,0.34285714285714286,0.37142857142857144,0.42857142857142855,0.0
2025-02-17,P3,70.0,0.0,0.0,0,2,70.0,496157.2011270144,99231.44022540288,73.02075924316281,1.0837956424469386,26.607173269095004,303.72202794121995,0.14893617021276595,0.2765957446808511,0.44680851063829785,0.2765957446808511,0.3829787234042553,0.0
2025-02-17,Q1,45.0,0.0,0.0,0,2,45.0,52039.909705105565,208159.63882042226,72.95230925285682,1.210867589893298,26.805200830614847,217.0733771649085,0.08571428571428572,0.4,0.2571428571428571,0.34285714285714286,0.3142857142857143,0.0
2025-02-18,G2,69.0,0.0,0.0,1,2,69.0,186659.60414379206,186659.60414379206,72.68997538098355,1.297043441952125,26.309145925666268,304.5624015771827,0.06382978723404255,0.2978723404255319,0.44680851063829785,0.2553191489361702,0.40425531914893614,0.0
2025-02-18,Q1,61.0,0.0,0.0,1,2,61.0,65437.04663095376,261748.18652381503,72.12988338039177,1.131934930905922,26.849582308053545,278.37039499854694,0.06976744186046512,0.3953488372093023,0.27906976744186046,0.32558139534883723,0.3953488372093023,0.0
2025-02-19,G2,44.0,0.0,0.0,2,2,44.0,161798.86699082787,161798.86699082787,72.25026055526307,1.3326924366543684,26.468234480835847,263.238910385296,0.07317073170731707,0.4146341463414634,0.2926829268292683,0.2926829268292683,0.4878048780487805,0.0
2025-02-19,P3,70.0,0.0,0.0,2,2,70.0,438626.78464941145,87725.3569298823,71.26256968827455,1.4046832139115724,26.608494651848638,265.71289816385905,0.17073170731707318,0.36585365853658536,0.2682926829268293,0.36585365853658536,0.3170731707317073,0.0
2025-02-19,Q1,37.5,0.0,0.0,2,2,37.5,61395.15564323129,245580.62257292515,70.8944325941441,1.27954880798357,26.644659521714253,263.8543024699498,0.12195121951219512,0.3170731707317073,0.4146341463414634,0.2682926829268293,0.5853658536585366,0.0
2025-02-20,Q1,21.0,0.0,0.0,3,2,21.0,68954.73169020673,275818.9267608269,73.50768776596581,1.165457258472648,26.713581712971983,288.50082855187713,0.0,0.29545454545454547,0.38636363636363635,0.3181818181818182,0.5,0.0
2025-02-21,G2,17.0,0.0,0.0,4,2,17.0,155939.5429228793,155939.5429228793,71.53916150967923,1.290149449675774,26.741928565204635,247.84813718412872,0.13157894736842105,0.42105263157894735,0.34210526315789475,0.23684210526315788,0.42105263157894735,0.0
2025-02-21,P3,75.0,0.0,0.0,4,2,75.0,527184.9192063244,105436.98384126488,70.63430366212944,1.181295866537471,26.622058712754555,313.58518593675706,0.14893617021276595,0.44680851063829785,0.2553191489361702,0.2978723404255319,0.44680851063829785,170.0
2025-02-23,G2,38.0,0.0,0.0,6,2,38.0,160936.07478065163,160936.07478065163,73.17628955605228,1.2795180917532893,26.757863530597053,254.30907906192147,0.16666666666666666,0.375,0.375,0.25,0.2916666666666667,0.0
2025-02-23,P3,50.0,0.0,0.0,6,2,50.0,568415.5760446193,113683.11520892387,74.80597720432932,1.1279589062362048,26.8980740200034,349.2251844241921,0.15151515151515152,0.3333333333333333,0.3333333333333333,0.3333333333333333,0.3939393939393939,0.0
2025-02-24,G2,54.0,0.0,0.0,0,2,54.0,144640.01519586786,144640.01519586786,70.65195416434231,1.2912257400129374,26.5619377300916,238.3950165926017,0.08333333333333333,0.25,0.3611111111111111,0.3888888888888889,0.2777777777777778,0.0
2025-02-24,P3,25.0,0.0,0.0,0,2,25.0,399242.2951387352,79848.45902774704,72.44476338291534,1.1043397949072735,26.441448148608416,241.086307882245,0.21052631578947367,0.21052631578947367,0.5263157894736842,0.2631578947368421,0.3157894736842105,0.0
2025-02-24,Q1,13.0,0.0,0.0,0,2,13.0,43699.98893207805,174799.9557283122,72.62114057356942,1.0540743825848982,26.864124170130257,185.5792445466983,0.07142857142857142,0.21428571428571427,0.39285714285714285,0.39285714285714285,0.35714285714285715,0.0
2025-02-25,G2,32.0,0.0,0.0,1,2,32.0,166435.77005395028,166435.77005395028,70.99585620247909,1.2919222487216897,26.621447216750866,273.16018193570943,0.0975609756097561,0.36585365853658536,0.4146341463414634,0.21951219512195122,0.34146341463414637,0.0
2025-02-25,P3,85.0,0.0,0.0,1,2,85.0,393418.1870842228,78683.63741684456,72.2447997957995,1.3072930308030801,26.64280300650223,247.89800295427312,0.15789473684210525,0.2631578947368421,0.34210526315789475,0.39473684210526316,0.39473684210526316,0.0
2025-02-25,Q1,55.0,0.0,0.0,1,2,55.0,50675.853411286254,202703.41364514502,70.82662527932442,1.2580053789934325,26.58506730429138,215.71688118387755,0.08823529411764706,0.29411764705882354,0.35294117647058826,0.35294117647058826,0.38235294117647056,0.0
2025-02-26,G2,44.0,0.0,0.0,2,2,44.0,160104.73422283004,160104.73422283004,71.71738580742266,1.3316423942753657,26.627389005440406,263.36386130410665,0.0975609756097561,0.2682926829268293,0.3170731707317073,0.4146341463414634,0.3902439024390244,0.0
2025-02-26,P3,80.0,0.0,0.0,2,2,80.0,394353.9906855529,78870.79813711057,71.19469029018047,1.248853336391333,26.79692305532612,249.05857129409716,0.13157894736842105,0.34210526315789475,0.2631578947368421,0.39473684210526316,0.42105263157894735,0.0
2025-02-27,G2,61.0,0.0,0.0,3,2,61.0,209297.3436729099,209297.3436729099,71.1962441490076,1.2471750746708021,26.481650093588957,350.48815244330035,0.18518518518518517,0.2777777777777778,0.2962962962962963,0.42592592592592593,0.3148148148148148,0.0
2025-02-27,P3,95.0,0.0,0.0,3,2,95.0,361642.47065098566,72328.49413019713,71.92690267033363,1.0052893619659136,26.518688205821825,211.05159035951834,0.15625,0.40625,0.34375,0.25,0.46875,0.0
2025-02-28,G2,8.0,0.0,0.0,4,2,8.0,154450.56407765264,154450.56407765264,71.02766148225805,1.3625990786515823,26.709793902582796,253.81425852409535,0.125,0.275,0.4,0.325,0.325,0.0
2025-02-28,P3,20.0,0.0,0.0,4,2,20.0,490466.53858266084,98093.30771653217,72.70309977960282,1.0269639293133508,26.590604312428987,292.90000350750194,0.10638297872340426,0.3617021276595745,0.46808510638297873,0.1702127659574468,0.46808510638297873,0.0
2025-02-28,Q1,28.75,0.0,0.0,4,2,28.75,79988.90810187726,319955.632407509,72.33536768166816,1.2622919331538824,27.009625572756583,345.08462153354975,0.05555555555555555,0.2777777777777778,0.3333333333333333,0.3888888888888889,0.3888888888888889,74.0
2025-03-01,G2,9.0,0.0,0.0,5,3,9.0,145680.97925388828,145680.97925388828,71.88256335863012,1.005695590531883,26.46215155779922,227.91305518869987,0.0,0.5,0.22727272727272727,0.2727272727272727,0.5,0.0
2025-03-01,Q1,59.5,0.0,0.0,5,3,59.5,60040.289607117,240161.158428468,71.91581133851972,1.18184576609695,26.26194730610354,259.56350438622917,0.04,0.24,0.44,0.32,0.32,0.0
2025-03-02,G2,38.0,0.0,0.0,6,3,38.0,164461.9207128203,164461.9207128203,72.12245791741115,1.240159903009419,26.345727993129273,266.53447615305925,0.04,0.32,0.36,0.32,0.32,0.0
2025-03-02,Q1,24.75,0.0,0.0,6,3,24.75,69194.84289010962,276779.3715604385,73.3897648323765,1.3122484378985955,26.824452332533557,301.1712812590199,0.0,0.3793103448275862,0.20689655172413793,0.41379310344827586,0.3448275862068966,0.0
2025-03-03,G2,18.0,0.0,0.0,0,3,18.0,149165.95842451058,149165.95842451058,71.82635642025895,1.1486497800915552,26.84901052865986,242.57350016144306,0.13513513513513514,0.43243243243243246,0.2702702702702703,0.2972972972972973,0.40540540540540543,0.0
2025-03-03,P3,20.0,0.0,0.0,0,3,20.0,492189.6468422687,98437.92936845374,71.28289840792418,1.050147182455854,26.88056213982389,296.0905188502702,0.043478260869565216,0.32608695652173914,0.391304347826087,0.2826086956521739,0.3695652173913043,0.0
2025-03-04,G2,73.0,0.0,0.0,1,3,73.0,107789.273564719,107789.273564719,73.27631624463652,1.3321730499470195,26.512531857614825,185.3877276703372,0.14285714285714285,0.2857142857142857,0.39285714285714285,0.32142857142857145,0.42857142857142855,0.0
2025-03-04,P3,65.0,0.0,0.0,1,3,65.0,444506.6198036892,88901.32396073783,73.51547481299063,1.0114445230031053,26.72508536233865,258.1951480679175,0.175,0.375,0.375,0.25,0.35,0.0
2025-03-04,Q1,35.75,0.0,0.0,1,3,35.75,57284.61125387731,229138.44501550923,72.40784897416334,1.1659695927641478,26.627259238835578,248.81134407646857,0.10256410256410256,0.3076923076923077,0.3333333333333333,0.358974358974359,0.38461538461538464,0.0
2025-03-05,G2,8.0,0.0,0.0,2,3,8.0,159775.99097102176,159775.99097102176,74.49145568250549,1.5593704702218287,26.613424362507168,264.5297386139231,0.1794871794871795,0.358974358974359,0.358974358974359,0.28205128205128205,0.5128205128205128,0.0
2025-03-05,P3,60.0,0.0,0.0,2,3,60.0,456514.0973601096,91302.81947202192,72.1396498685511,1.295294501721865,26.57143184332946,284.1955223068195,0.14285714285714285,0.21428571428571427,0.38095238095238093,0.40476190476190477,0.30952380952380953,0.0
2025-03-05,Q1,22.0,0.0,0.0,2,3,22.0,60078.22087609907,240312.88350439628,71.88406680600296,1.2479808941177084,26.749493701381237,256.6139683791203,0.07692307692307693,0.3333333333333333,0.358974358974359,0.3076923076923077,0.3333333333333333,0.0
2025-03-06,G2,14.0,0.0,0.0,3,3,14.0,192609.07490891655,192609.07490891655,72.1611304134609,1.1013427775474247,26.54076786762923,303.2601819972876,0.14893617021276595,0.5319148936170213,0.2765957446808511,0.19148936170212766,0.3829787234042553,0.0
2025-03-06,P3,20.0,0.0,0.0,3,3,20.0,482261.4576578071,96452.29153156142,72.43754067222642,1.008988936569869,26.89634395468818,299.01097824644853,0.14583333333333334,0.3125,0.20833333333333334,0.4791666666666667,0.2916666666666667,0.0
2025-03-06,Q1,99.25,0.0,0.0,3,3,99.25,63927.48772769128,255709.95091076512,71.12271848516163,1.166956911781622,26.395164403217418,269.21440752793956,0.0,0.38095238095238093,0.2857142857142857,0.3333333333333333,0.30952380952380953,0.0
2025-03-07,Q1,18.0,0.0,0.0,4,3,18.0,55176.20400572915,220704.8160229166,70.8894820816182,1.0537267037317342,26.608223825440618,231.28439906925047,0.058823529411764705,0.3235294117647059,0.38235294117647056,0.29411764705882354,0.4117647058823529,79.0
2025-03-08,G2,19.0,0.0,0.0,5,3,19.0,172747.3628055963,172747.3628055963,70.28815390729031,1.2285971820729005,26.524910482604817,281.5543473212731,0.1111111111111111,0.37037037037037035,0.4074074074074074,0.2222222222222222,0.3333333333333333,0.0
2025-03-08,P3,10.0,0.0,0.0,5,3,10.0,572963.3566111906,114592.67132223812,70.08453922631736,1.169260337032475,26.659744712304324,348.5983573973525,0.058823529411764705,0.38235294117647056,0.29411764705882354,0.3235294117647059,0.5588235294117647,0.0
2025-03-08,Q1,119.75,0.0,0.0,5,3,119.75,77618.22612156303,310472.9044862521,73.76964744442263,1.2022646136063226,26.432332448117386,334.0650675749057,0.0625,0.3125,0.3125,0.375,0.375,0.0
2025-03-10,G2,58.0,0.0,0.0,0,3,58.0,136206.44370105653,136206.44370105653,70.42389301686943,1.0890199059152235,26.45827200450196,225.3518999375404,0.030303030303030304,0.2727272727272727,0.3333333333333333,0.3939393939393939,0.45454545454545453,0.0
2025-03-10,Q1,26.0,0.0,0.0,0,3,26.0,77106.45932541706,308425.83730166825,72.59450020076288,1.0974991376813052,26.60729786779496,326.86124906267577,0.04081632653061224,0.30612244897959184,0.3469387755102041,0.3469387755102041,0.3877551020408163,0.0
2025-03-11,G2,35.0,0.0,0.0,1,3,35.0,109041.26140029824,109041.26140029824,72.00666484071303,1.1916893741726196,26.66206100265416,184.47955720752853,0.07142857142857142,0.32142857142857145,0.21428571428571427,0.4642857142857143,0.42857142857142855,0.0
2025-03-11,P3,35.0,0.0,0.0,1,3,35.0,448104.3254449764,89620.86508899527,70.6032341921467,1.0792818835868236,26.61777239810036,268.8354076891967,0.14634146341463414,0.34146341463414637,0.3902439024390244,0.2682926829268293,0.4146341463414634,0.0
2025-03-12,G2,20.0,0.0,0.0,2,3,20.0,171439.204466624,171439.204466624,70.68894813777328,1.1560331773728658,26.47835946323502,288.4488987565522,0.09090909090909091,0.20454545454545456,0.25,0.5454545454545454,0.4318181818181818,0.0
2025-03-12,P3,30.0,0.0,0.0,2,3,30.0,411336.54367367213,82267.30873473443,71.01544650818767,1.352897146291465,26.80402252185249,247.14648492795348,0.15789473684210525,0.34210526315789475,0.3684210526315789,0.2894736842105263,0.2894736842105263,0.0
2025-03-12,Q1,73.25,0.0,0.0,2,3,73.25,61151.50101574339,244606.00406297357,70.96385265013333,1.1578562899563285,26.479024367901985,261.265142254193,0.05128205128205128,0.358974358974359,0.23076923076923078,0.41025641025641024,0.41025641025641024,0.0
2025-03-13,G2,33.0,0.0,0.0,3,3,33.0,176354.37011793457,176354.37011793457,72.52290795774523,1.2648126303300218,26.82072106192502,287.86908679397953,0.13953488372093023,0.3953488372093023,0.23255813953488372,0.37209302325581395,0.3023255813953488,0.0
2025-03-13,P3,40.0,0.0,0.0,3,3,40.0,431222.19325253315,86244.43865050662,72.19481662859224,1.218234183190478,26.83119703738043,262.8923202538921,0.09302325581395349,0.32558139534883723,0.2558139534883721,0.4186046511627907,0.46511627906976744,0.0
2025-03-13,Q1,44.0,0.0,0.0,3,3,44.0,73903.47560559933,295613.90242239734,72.60999179484998,1.1166869024672836,26.63877814414298,315.320650494608,0.041666666666666664,0.4375,0.3125,0.25,0.3541666666666667,0.0
2025-03-15,G2,80.0,0.0,0.0,5,3,80.0,127163.62813737598,127163.62813737598,74.43346350456514,1.3550829966547078,27.074016277123178,206.24930865056703,0.05263157894736842,0.2631578947368421,0.42105263157894735,0.3157894736842105,0.2631578947368421,0.0
2025-03-15,P3,35.0,0.0,0.0,5,3,35.0,383516.1208031974,76703.22416063947,73.83109005217783,1.066818932767607,26.55913047543585,228.92621980962457,0.09090909090909091,0.36363636363636365,0.4090909090909091,0.22727272727272727,0.36363636363636365,0.0
2025-03-15,Q1,63.25,0.0,0.0,5,3,63.25,79197.16405184158,316788.6562073663,69.85431666804905,1.0955278868068452,26.741302203662737,331.27793308602,0.0625,0.40625,0.28125,0.3125,0.4375,0.0
2025-03-16,G2,33.0,0.0,0.0,6,3,33.0,164215.76503560293,164215.76503560293,70.90110094396094,1.195425614224432,26.345719111635706,280.1000878275757,0.1111111111111111,0.2222222222222222,0.3333333333333333,0.4444444444444444,0.37037037037037035,0.0
2025-03-16,P3,30.0,0.0,0.0,6,3,30.0,561818.7729510412,112363.75459020825,71.66403280955689,1.1724642656988766,26.6151020480326,335.2681815507857,0.21875,0.375,0.375,0.25,0.34375,0.0
2025-03-16,Q1,102.0,0.0,0.0,6,3,102.0,64180.92224318563,256723.68897274256,71.91347709553587,1.0865751960291639,26.62227609648652,265.2990471485425,0.08,0.32,0.48,0.2,0.44,0.0
2025-03-17,G2,26.0,0.0,0.0,0,3,26.0,185657.5031570316,185657.5031570316,72.01517938541609,1.1909922211333424,26.553577371205915,293.81313755513764,0.09090909090909091,0.36363636363636365,0.4090909090909091,0.22727272727272727,0.38636363636363635,0.0
2025-03-17,P3,70.0,0.0,0.0,0,3,70.0,330966.04751233023,66193.20950246605,75.90717573492131,1.272059601968705,26.78349736968756,203.05780120605073,0.15625,0.46875,0.15625,0.375,0.4375,213.0
2025-03-17,Q1,41.0,0.0,0.0,0,3,41.0,57456.50934286146,229826.03737144583,72.87867178133362,1.0819066596976932,26.498597547407968,247.5241820641819,0.02702702702702703,0.21621621621621623,0.40540540540540543,0.3783783783783784,0.3783783783783784,0.0
2025-03-18,G2,9.0,0.0,0.0,1,3,9.0,151127.94482067588,151127.94482067588,70.50909674962497,1.2652049353563766,26.54129459320057,249.6969875384359,0.15789473684210525,0.39473684210526316,0.2894736842105263,0.3157894736842105,0.3684210526315789,0.0
2025-03-18,P3,75.0,0.0,0.0,1,3,75.0,591695.7629601075,118339.1525920215,70.96716766697087,1.071488924106528,26.598009756147942,351.8355249399825,0.05555555555555555,0.35185185185185186,0.3333333333333333,0.3148148148148148,0.35185185185185186,0.0
2025-03-18,Q1,46.25,0.0,0.0,1,3,46.25,66710.20132451323,266840.8052980529,73.15837178334299,1.0917775345765335,26.542704903474128,274.6862173412939,0.11627906976744186,0.46511627906976744,0.23255813953488372,0.3023255813953488,0.5581395348837209,0.0
2025-03-19,P3,45.0,0.0,0.0,2,3,45.0,453326.5329848191,90665.30659696381,71.64113456178613,1.2945664658014027,26.863513707241623,282.5468062764451,0.045454545454545456,0.29545454545454547,0.29545454545454547,0.4090909090909091,0.5227272727272727,65.0
2025-03-19,Q1,50.25,0.0,0.0,2,3,50.25,65638.41893487099,262553.67573948397,71.83227837779148,1.3842377617435913,26.86320720374757,292.746429844766,0.022222222222222223,0.15555555555555556,0.3333333333333333,0.5111111111111111,0.4222222222222222,0.0
2025-03-20,P3,45.0,0.0,0.0,3,3,45.0,337947.62395287416,67589.52479057483,71.73393881735907,1.1289184917662833,26.603112413103094,210.66366775132354,0.125,0.28125,0.28125,0.4375,0.3125,0.0
2025-03-21,G2,70.0,0.0,0.0,4,3,70.0,136800.5752567927,136800.5752567927,70.96880452930088,1.277538868827672,26.71056408268099,227.92952686287362,0.08823529411764706,0.35294117647058826,0.35294117647058826,0.29411764705882354,0.5,0.0
2025-03-21,P3,170.0,0.0,0.0,4,3,170.0,500027.17381690536,100005.43476338107,70.80524989771048,1.2750470030716081,26.78312915474905,298.7760115482239,0.23404255319148937,0.425531914893617,0.3617021276595745,0.2127659574468085,0.3191489361702128,0.0
2025-03-21,Q1,27.5,0.0,0.0,4,3,27.5,62256.35972307883,249025.43889231532,71.2745160848495,1.0498858278773764,26.69932982643769,261.23594287391563,0.0975609756097561,0.34146341463414637,0.3902439024390244,0.2682926829268293,0.43902439024390244,216.0
2025-03-22,G2,41.0,0.0,0.0,5,3,41.0,161127.67865531356,161127.67865531356,73.58242179395835,1.1718794200877758,27.005030040026163,269.94946851705066,0.16,0.32,0.36,0.32,0.56,0.0
2025-03-22,Q1,10.25,0.0,0.0,5,3,10.25,63977.14988278451,255908.59953113805,70.88981281858437,1.245882266815354,26.72442012488538,271.68711296262734,0.07692307692307693,0.5384615384615384,0.11538461538461539,0.34615384615384615,0.46153846153846156,0.0
2025-03-23,G2,26.0,0.0,0.0,6,3,26.0,223605.65866802065,223605.65866802065,72.60952460941411,1.2211514570283264,26.471365469741876,367.2588867844812,0.0,0.3142857142857143,0.34285714285714286,0.34285714285714286,0.45714285714285713,0.0
2025-03-23,Q1,11.75,0.0,0.0,6,3,11.75,73474.26426047928,293897.0570419171,71.08454632417228,1.017081761323722,26.411587887220357,314.5491214705609,0.1,0.23333333333333334,0.4666666666666667,0.3,0.5,0.0
2025-03-24,G2,46.0,0.0,0.0,0,3,46.0,159121.13014658444,159121.13014658444,70.22803512041456,1.387640929467794,26.332718456096064,264.76613300813125,0.10256410256410256,0.3333333333333333,0.28205128205128205,0.38461538461538464,0.358974358974359,0.0
2025-03-24,P3,60.0,0.0,0.0,0,3,60.0,340002.78088005894,68000.55617601179,71.24424180950757,1.349162052547222,26.282620901621645,202.01076860728094,0.12903225806451613,0.3548387096774194,0.3548387096774194,0.2903225806451613,0.45161290322580644,0.0
2025-03-25,G2,93.0,0.0,0.0,1,3,93.0,184067.2622724757,184067.2622724757,72.04264192408387,1.138389344556072,26.685736126460053,300.4478930915586,0.06382978723404255,0.3404255319148936,0.3404255319148936,0.3191489361702128,0.2978723404255319,0.0
2025-03-26,G2,47.0,0.0,0.0,2,3,47.0,143215.80352563577,143215.80352563577,70.22822603235721,1.0261273187372637,26.57885261846657,237.2285583312514,0.1111111111111111,0.3611111111111111,0.2777777777777778,0.3611111111111111,0.3888888888888889,0.0
2025-03-26,P3,50.0,0.0,0.0,2,3,50.0,555878.8597523445,111175.77195046892,72.63865350901048,1.0126756609968317,26.572486387873262,340.40030924778483,0.11320754716981132,0.4339622641509434,0.22641509433962265,0.33962264150943394,0.49056603773584906,0.0
2025-03-26,Q1,34.75,0.0,0.0,2,3,34.75,72771.26968011139,291085.07872044557,73.58958884128228,0.9608812911679413,26.835271632685224,296.4023046105216,0.021739130434782608,0.391304347826087,0.34782608695652173,0.2608695652173913,0.3695652173913043,0.0
2025-03-28,P3,65.0,0.0,0.0,4,3,65.0,608619.0442702471,121723.80885404942,72.38642063578156,1.0716821101031333,26.650313094666465,370.4925410145655,0.08771929824561403,0.3508771929824561,0.2982456140350877,0.3508771929824561,0.43859649122807015,170.0
2025-03-28,Q1,33.0,0.0,0.0,4,3,33.0,65313.18551135498,261252.74204541993,72.3556527053002,1.1502005495651235,26.748850863991134,270.6491548013811,0.09523809523809523,0.40476190476190477,0.3333333333333333,0.2619047619047619,0.38095238095238093,0.0
2025-03-29,P3,30.0,0.0,0.0,5,3,30.0,514550.6474999504,102910.12949999009,73.03224022219,1.3940210017774146,26.902313008306564,317.1783660337696,0.2,0.4666666666666667,0.26666666666666666,0.26666666666666666,0.4666666666666667,0.0
2025-03-30,G2,106.0,0.0,0.0,6,3,106.0,159618.89408620927,159618.89408620927,72.41516111502511,1.1843927131032665,26.425406000208966,267.81239609748656,0.15384615384615385,0.2692307692307692,0.3076923076923077,0.4230769230769231,0.5,0.0
2025-03-30,P3,10.0,0.0,0.0,6,3,10.0,394893.0613888347,78978.61227776695,71.18144359036155,0.9001899273319383,26.622653673848053,237.1243561851042,0.13043478260869565,0.2608695652173913,0.5652173913043478,0.17391304347826086,0.34782608695652173,0.0
2025-03-31,G2,24.0,0.0,0.0,0,3,24.0,158822.37699374274,158822.37699374274,72.80934480914877,1.5954688908061927,26.58565211521974,264.5064230835372,0.0975609756097561,0.34146341463414637,0.4146341463414634,0.24390243902439024,0.3170731707317073,0.0
2025-03-31,Q1,11.75,0.0,0.0,0,3,11.75,49387.686990234455,197550.7479609378,72.35443812295364,1.2224295375450183,26.62528587999775,222.7320556268564,0.08823529411764706,0.2647058823529412,0.23529411764705882,0.5,0.4117647058823529,0.0
2025-04-01,G2,26.0,0.0,0.0,1,4,26.0,163668.2898286363,163668.2898286363,72.78834378306676,1.2761195745946246,26.77122237421621,270.6477918778701,0.047619047619047616,0.3333333333333333,0.38095238095238093,0.2857142857142857,0.47619047619047616,0.0
2025-04-01,Q1,67.25,0.0,0.0,1,4,67.25,53603.74773833458,214414.99095333833,69.6476767216427,1.1241530983053116,26.7109914584563,228.50773211651386,0.05714285714285714,0.37142857142857144,0.3142857142857143,0.3142857142857143,0.37142857142857144,135.0
